{
    "deduplicationId": "47be29af-cbe5-4c5c-9f02-884a9a1664db",
    "time": "2023-12-22T10:46:57.616312321+00:00",
    "deviceInfo": {
        "tenantId": "063a0ecb-e8c2-4a13-975a-93d791e8d40c",
        "tenantName": "Smart Campus",
        "applicationId": "97865748-6f77-4f37-82f0-d76771651b21",
        "applicationName": "Buttons",
        "deviceProfileId": "c707a935-359c-4359-9186-53bccc74bcb5",
        "deviceProfileName": "MClimate Multipurpose Button",
        "deviceName": "mclimate-multipurpose-button:1",
        "devEui": "70b3d52dd6000065",
        "tags": {
            "model": "multipurpose-button",
            "apiKey": "4jggokgpesnvfb2uv1s40d73ov",
            "manufacturer": "mclimate",
            "deviceId": "mclimate-multipurpose-button:1"
        }
    },
    "devAddr": "01ee6c87",
    "adr": true,
    "dr": 0,
    "fCnt": 1,
    "fPort": 2,
    "confirmed": true,
    "data": "Ab4A2QA=",
    "object": {
        "batteryVoltage": 3.1,
        "temperature": 21.700000000000003,
        "thermistorProperlyConnected": true,
        "pressEvent": "00"
    },
    "rxInfo": [
        {
            "gatewayId": "1dee1a0843acf826",
            "uplinkId": 61505,
            "rssi": -114,
            "snr": 2,
            "channel": 3,
            "location": {
                "latitude": 38.288395556071336,
                "longitude": 21.788930292281066
            },
            "context": "vAqubA==",
            "metadata": {
                "region_config_id": "eu868",
                "region_common_name": "EU868"
            },
            "crcStatus": "CRC_OK"
        },
        {
            "gatewayId": "1dee04170f93c058",
            "uplinkId": 45715,
            "rssi": -85,
            "snr": 7.8,
            "channel": 3,
            "location": {
                "latitude": 38.288403977154466,
                "longitude": 21.788731921156614
            },
            "context": "yJ6AhA==",
            "metadata": {
                "region_common_name": "EU868",
                "region_config_id": "eu868"
            },
            "crcStatus": "CRC_OK"
        }
    ],
    "txInfo": {
        "frequency": 867100000,
        "modulation": {
            "lora": {
                "bandwidth": 125000,
                "spreadingFactor": 12,
                "codeRate": "CR_4_5"
            }
        }
    }
}