device_id,time,pressEvent,temperature,battery_level
82,2024-01-19 23:09:27,01,8.3,91.88519
42,2024-02-01 12:51:55,00,3.3,62.86322
48,2024-01-14 11:25:58,01,7.2,59.35902
25,2024-01-17 19:44:42,00,0.9,27.45533
73,2024-01-27 13:34:46,00,7.6,37.25778
30,2024-02-05 20:09:40,02,8.3,98.82625
40,2024-01-31 23:46:00,00,3.6,99.49578
6,2024-02-07 16:37:10,02,9.7,80.97662
35,2024-01-30 19:23:43,00,3.3,78.78584
43,2024-01-15 17:03:12,00,5.0,76.51243
66,2024-01-21 12:17:37,00,5.5,25.57493
5,2024-01-25 10:38:21,02,7.1,96.50655
20,2024-01-29 19:54:36,02,1.1,59.1574
25,2024-02-04 05:41:29,00,7.8,90.70654
16,2024-01-17 15:55:48,01,8.3,69.74158
63,2024-01-21 07:45:46,01,7.1,91.32395
36,2024-02-08 20:57:23,00,8.8,34.59487
96,2024-01-19 23:03:24,00,5.7,52.64891
45,2024-01-14 09:52:18,02,2.1,45.38199
11,2024-01-27 07:29:25,01,5.8,97.76431
51,2024-02-01 18:00:55,00,6.9,81.65186
98,2024-02-04 17:55:47,02,4.4,53.74239
53,2024-01-15 16:50:04,00,8.1,74.6955
24,2024-01-20 14:41:56,00,2.1,81.67497
5,2024-02-01 08:05:08,02,0.8,35.79442
58,2024-01-14 21:33:59,00,2.9,85.34197
82,2024-01-14 13:06:03,01,3.5,74.73945
73,2024-01-25 17:39:07,00,8.7,47.62082
92,2024-01-20 16:41:20,02,1.1,47.8036
27,2024-01-27 12:31:10,00,4.0,39.87898
26,2024-01-23 08:55:34,00,2.8,66.58564
65,2024-02-07 11:33:00,00,3.6,32.71497
20,2024-02-08 02:12:40,00,8.4,52.62042
42,2024-01-30 19:12:19,00,0.7,52.20443
64,2024-01-22 02:14:15,01,8.8,99.18803
89,2024-02-09 09:59:24,01,8.9,78.90426
64,2024-01-30 23:37:01,00,0.5,55.30286
87,2024-02-01 08:02:01,00,8.1,73.8035
78,2024-01-15 08:33:31,02,0.9,46.49052
39,2024-01-18 19:47:04,00,2.9,65.31143
42,2024-02-09 13:56:34,02,8.1,31.62946
68,2024-02-01 14:10:16,00,1.0,33.95278
55,2024-01-31 17:45:26,02,1.4,73.62558
12,2024-01-24 03:56:40,00,6.1,60.00533
11,2024-01-27 00:20:06,00,8.0,43.35533
9,2024-01-30 02:45:34,02,9.6,32.9005
18,2024-01-27 14:30:21,00,9.1,53.28953
43,2024-01-22 09:40:15,01,6.0,37.02058
27,2024-01-19 03:12:04,00,1.5,35.56344
99,2024-02-03 22:25:19,00,0.3,66.57721
5,2024-01-26 06:48:29,01,9.1,88.24282
65,2024-02-05 19:06:55,01,6.7,69.86812
23,2024-02-03 06:41:18,02,2.6,76.54883
38,2024-02-06 04:42:12,01,0.0,43.73543
35,2024-01-24 16:40:00,00,5.1,26.24927
81,2024-01-20 09:49:23,00,2.7,92.81434
3,2024-01-30 18:28:14,00,9.9,51.14319
72,2024-01-30 10:08:59,00,2.4,38.79104
54,2024-01-14 14:57:16,00,9.1,81.14665
20,2024-01-31 23:45:45,00,6.9,72.62332
100,2024-01-22 04:32:58,00,1.1,64.27309
51,2024-02-01 09:02:59,00,7.1,93.71801
52,2024-01-29 19:33:56,01,1.1,73.06103
90,2024-02-05 09:41:23,00,0.2,60.60064
45,2024-01-27 07:59:51,01,8.3,67.82937
13,2024-01-16 09:10:25,00,6.0,69.09634
60,2024-01-25 06:59:25,00,1.0,47.08142
52,2024-01-19 07:42:43,02,7.5,96.62863
63,2024-02-04 06:59:31,00,7.5,72.16618
37,2024-01-28 02:00:41,01,3.5,83.81817
36,2024-01-28 19:17:13,00,4.6,67.9629
65,2024-01-25 00:07:58,01,7.5,34.82229
55,2024-02-04 23:23:25,00,0.9,66.34186
82,2024-01-19 07:23:16,00,4.0,41.80253
74,2024-02-07 20:54:53,00,1.7,26.62998
30,2024-01-15 19:43:11,00,3.9,74.08413
96,2024-01-30 03:43:53,00,9.6,43.26913
100,2024-02-08 03:46:44,01,6.1,88.72554
52,2024-02-02 00:12:24,00,8.9,55.94753
68,2024-01-27 05:01:53,02,1.0,98.30251
82,2024-01-18 11:39:24,00,2.6,76.44208
3,2024-01-30 06:42:59,00,5.0,68.45342
53,2024-01-29 07:22:59,00,2.8,62.7969
34,2024-01-18 11:58:18,00,1.5,38.88652
45,2024-02-06 04:10:47,02,0.6,64.18747
86,2024-01-30 04:19:05,00,5.1,95.77141
41,2024-01-16 06:58:01,00,6.5,40.17209
99,2024-01-21 20:43:18,00,1.1,96.59512
46,2024-01-20 18:40:44,01,6.7,64.66232
8,2024-02-09 07:43:38,01,8.9,78.93043
64,2024-01-15 07:36:23,00,3.2,25.97902
81,2024-01-14 17:05:39,00,4.6,94.57716
28,2024-01-24 02:12:36,00,4.9,63.04514
6,2024-02-03 07:13:13,01,6.0,96.44324
16,2024-01-24 05:57:38,02,5.4,49.74127
69,2024-01-16 05:11:29,00,9.4,63.17096
76,2024-01-27 01:29:55,01,0.4,72.66536
74,2024-01-31 13:31:23,00,8.8,32.82773
81,2024-01-24 16:52:40,01,3.1,41.02102
11,2024-01-18 16:45:19,01,9.2,58.22926
35,2024-02-07 14:36:27,02,3.2,54.19358
61,2024-01-21 08:44:02,00,5.1,84.12683
55,2024-01-21 15:58:43,02,2.5,79.01583
26,2024-02-05 15:33:20,01,9.5,81.45229
50,2024-02-06 06:15:08,02,7.6,54.59901
25,2024-01-27 01:32:40,00,4.5,43.59908
96,2024-01-18 01:47:51,00,4.2,83.18685
24,2024-02-02 08:07:10,00,9.1,96.47964
46,2024-01-23 15:21:50,01,9.9,87.59055
51,2024-01-20 22:43:41,00,5.7,88.56446
13,2024-01-28 10:01:59,00,8.2,76.90594
19,2024-01-31 22:11:18,02,8.0,40.96875
22,2024-01-29 16:07:21,01,1.7,71.49616
6,2024-01-22 19:19:21,00,2.7,97.7704
91,2024-02-02 10:11:29,00,6.1,31.55093
35,2024-01-21 17:26:04,02,1.9,41.96357
8,2024-01-29 11:06:18,00,3.0,92.0257
42,2024-02-01 10:25:43,00,5.5,50.446
17,2024-02-03 22:26:20,02,3.9,47.01497
52,2024-01-19 16:36:06,00,5.5,45.71188
70,2024-01-31 13:06:32,01,0.8,46.55194
37,2024-01-18 11:16:19,00,6.7,89.68225
52,2024-01-24 20:38:12,02,4.0,58.64308
71,2024-02-08 16:09:42,01,1.5,70.66764
66,2024-01-26 17:26:26,00,0.2,40.33939
83,2024-02-01 07:53:23,00,0.9,58.26232
6,2024-01-22 12:32:27,00,4.6,50.97694
59,2024-01-20 13:49:37,01,0.2,41.77489
77,2024-01-27 09:00:34,01,4.9,53.03631
82,2024-02-04 07:20:01,02,0.3,53.72554
15,2024-01-24 02:51:17,00,5.9,64.2197
67,2024-01-19 16:52:01,01,1.5,34.78012
22,2024-01-18 06:19:46,00,7.3,57.58295
67,2024-01-14 00:31:42,00,4.5,67.40999
78,2024-01-22 04:14:26,01,9.4,32.19884
35,2024-01-19 20:27:02,01,9.8,86.65517
11,2024-01-30 20:45:59,01,4.3,46.76815
75,2024-02-08 22:26:43,01,3.1,65.44047
98,2024-02-04 04:20:57,00,2.8,76.49383
77,2024-01-22 09:05:27,02,2.6,66.73648
30,2024-02-01 01:22:15,00,4.4,47.93653
67,2024-02-05 11:58:39,00,3.1,96.89214
46,2024-02-02 03:44:44,02,9.0,32.73036
63,2024-01-17 08:18:27,02,3.2,61.24941
71,2024-01-25 03:59:50,01,5.9,54.2702
57,2024-02-08 06:21:55,00,1.3,41.02548
35,2024-02-09 10:07:00,01,5.7,28.89285
2,2024-01-21 03:39:41,00,6.1,58.74644
3,2024-01-31 10:38:29,00,9.4,56.42923
6,2024-01-25 00:35:35,00,9.6,81.13726
13,2024-02-06 00:30:51,00,1.9,97.90784
95,2024-01-19 22:27:21,02,1.4,42.14826
94,2024-01-16 17:55:56,00,7.4,50.88118
70,2024-02-03 21:37:04,01,8.0,71.09719
89,2024-02-01 11:04:50,01,7.4,55.38739
25,2024-01-25 14:06:59,00,3.8,36.10928
29,2024-02-04 13:38:07,02,0.5,48.16109
5,2024-01-17 03:11:41,01,3.1,33.56559
19,2024-02-07 16:13:46,02,5.8,60.47753
17,2024-02-06 23:16:50,00,6.6,48.68167
14,2024-02-01 11:09:23,02,1.0,31.49403
23,2024-01-31 10:29:17,01,3.1,41.60722
66,2024-01-30 06:01:51,01,3.6,61.60328
18,2024-01-19 19:37:37,02,8.8,32.03486
58,2024-01-27 06:27:02,02,2.8,69.1634
87,2024-02-05 18:36:23,00,4.5,33.10512
69,2024-02-02 22:26:22,01,3.5,36.51562
37,2024-01-30 16:00:58,00,4.7,65.06317
20,2024-01-15 01:06:12,00,6.6,39.65212
44,2024-01-29 18:34:33,00,0.0,85.90383
75,2024-01-24 19:38:08,00,4.3,63.84241
75,2024-02-04 09:44:19,01,9.1,46.39518
47,2024-01-31 09:31:59,02,7.6,38.33868
61,2024-01-14 23:54:00,00,7.1,76.08159
64,2024-02-02 09:01:42,02,8.0,76.43222
34,2024-01-15 01:08:00,00,1.3,54.06208
33,2024-01-28 01:00:33,00,5.2,40.29249
100,2024-02-08 08:41:47,00,3.5,51.31463
29,2024-01-16 03:27:06,00,3.9,46.26675
11,2024-02-05 00:02:40,00,8.2,37.45589
82,2024-01-22 05:44:43,01,3.1,67.45376
60,2024-01-17 19:27:15,02,0.9,46.44577
64,2024-02-06 10:59:27,00,5.5,99.61067
74,2024-01-17 22:00:19,02,4.7,58.85104
53,2024-01-21 13:10:23,02,5.6,84.00906
57,2024-01-20 23:56:13,00,8.4,66.57586
85,2024-01-30 07:20:25,00,9.2,61.68212
21,2024-01-19 19:21:49,01,7.9,78.31595
6,2024-02-03 09:47:23,00,5.4,79.49034
66,2024-02-04 05:56:29,00,3.1,48.60029
96,2024-01-24 12:36:44,00,10.0,56.59823
18,2024-01-26 02:45:07,01,4.0,47.00851
87,2024-02-04 03:22:08,01,0.6,60.10586
69,2024-02-06 07:50:33,01,9.7,41.59929
81,2024-01-15 13:49:11,00,9.4,27.60074
57,2024-01-15 21:52:51,01,3.6,60.89981
46,2024-01-18 14:28:28,00,1.3,26.32908
65,2024-02-08 04:15:51,01,4.7,92.11976
98,2024-01-30 16:22:54,00,0.9,70.33675
50,2024-01-15 18:24:45,02,2.1,90.51868
86,2024-01-15 22:48:36,00,6.5,74.96724
18,2024-02-06 14:54:49,02,8.5,95.71767
44,2024-01-21 04:51:46,00,6.4,49.1831
23,2024-01-15 06:04:53,02,3.1,54.22491
74,2024-01-31 01:48:51,00,0.9,66.57976
29,2024-02-06 18:18:05,00,1.6,26.42149
41,2024-01-20 01:42:33,01,1.2,86.28657
56,2024-01-30 05:48:57,02,6.1,67.22944
43,2024-01-17 11:37:25,02,2.9,56.21638
1,2024-01-22 10:08:36,00,6.4,45.99996
30,2024-01-30 03:18:18,00,4.3,78.3629
99,2024-02-05 23:57:30,00,3.2,30.98842
82,2024-01-28 22:48:17,01,4.9,97.39521
4,2024-02-06 13:12:14,02,5.8,26.51761
61,2024-01-20 13:31:46,01,7.6,37.9333
5,2024-01-28 17:29:20,00,1.7,98.81976
29,2024-02-01 08:39:26,00,1.7,91.75421
24,2024-01-24 13:11:06,01,5.5,59.0625
66,2024-01-29 18:12:16,00,9.9,97.62575
14,2024-02-04 17:59:44,00,9.7,67.51466
33,2024-02-04 21:38:15,00,2.7,37.07949
76,2024-01-22 12:47:46,00,9.8,85.80253
16,2024-01-16 10:54:43,01,1.5,47.92948
26,2024-02-06 19:15:55,00,1.6,39.26052
74,2024-01-24 21:45:07,01,5.2,45.163
64,2024-01-17 09:20:56,01,7.5,84.16952
53,2024-01-29 22:58:03,00,5.3,53.02803
59,2024-01-31 21:59:11,00,9.2,41.93355
73,2024-01-22 13:55:35,00,9.2,86.05864
25,2024-01-18 16:00:56,01,2.3,91.84374
42,2024-01-26 00:12:10,00,6.1,26.32382
74,2024-01-17 12:35:06,00,1.7,89.68936
28,2024-01-21 12:24:08,00,6.4,60.00752
74,2024-01-30 02:31:05,01,5.3,82.14441
26,2024-02-07 15:17:34,01,2.6,88.52155
25,2024-02-09 10:01:19,00,2.4,63.86429
17,2024-02-06 08:35:27,00,0.8,74.47414
99,2024-01-19 11:35:15,00,5.2,55.40324
91,2024-02-01 05:45:09,00,9.2,51.82618
56,2024-01-22 04:19:47,00,0.1,35.60802
65,2024-01-24 18:06:01,01,6.0,99.43876
67,2024-02-07 00:10:03,00,4.5,45.89753
41,2024-02-06 13:59:48,00,3.6,82.23916
48,2024-01-19 04:12:28,00,4.7,26.42558
23,2024-01-18 13:39:48,00,0.3,97.34286
65,2024-01-19 22:45:55,02,9.1,86.13372
52,2024-01-24 06:05:45,01,7.8,53.39995
73,2024-01-29 23:01:35,00,3.3,55.63544
95,2024-01-15 19:04:47,00,3.7,69.82938
23,2024-01-30 17:15:52,00,5.3,59.91733
98,2024-02-05 20:59:13,00,0.3,38.9397
78,2024-01-28 20:34:48,00,4.0,34.85932
58,2024-01-17 11:30:35,00,3.1,42.17742
100,2024-02-02 18:41:41,00,4.5,45.52579
80,2024-01-15 01:59:21,02,6.5,80.60919
13,2024-02-08 19:31:31,00,0.6,61.25381
97,2024-01-28 20:21:50,01,2.9,28.40109
58,2024-01-20 03:46:21,00,4.5,57.94573
45,2024-01-22 04:01:46,01,1.4,59.59757
76,2024-01-18 13:18:09,00,3.6,84.83476
80,2024-01-18 08:32:03,00,1.5,72.58229
54,2024-02-02 03:58:17,00,5.9,33.34459
5,2024-01-28 01:39:16,02,7.0,25.16442
65,2024-02-09 14:19:57,00,8.1,26.16821
35,2024-02-04 16:31:46,00,4.5,42.71991
14,2024-01-14 11:12:57,01,2.2,27.41256
26,2024-01-18 21:14:08,01,1.5,73.29968
34,2024-02-04 23:06:54,01,2.4,41.02666
83,2024-01-16 20:48:36,02,2.3,34.8349
33,2024-01-20 13:16:19,01,9.9,46.71986
92,2024-02-02 13:18:19,00,9.7,58.58788
13,2024-01-26 23:56:44,01,9.5,48.08387
85,2024-02-07 01:01:36,00,6.9,53.10218
74,2024-01-21 20:16:22,00,5.1,70.46999
66,2024-02-03 23:00:41,00,9.7,90.22823
41,2024-01-29 12:31:53,00,5.9,74.55282
53,2024-01-27 10:11:56,00,6.8,80.61825
60,2024-01-24 16:53:41,00,7.1,44.28654
34,2024-01-18 23:34:03,00,1.1,99.90834
69,2024-01-16 16:22:05,02,9.0,39.04747
8,2024-01-19 10:44:31,00,10.0,53.59687
20,2024-02-05 14:57:42,00,9.8,99.61032
13,2024-01-30 15:07:04,00,0.2,55.19104
34,2024-01-27 19:10:12,00,3.0,81.98905
11,2024-01-24 15:36:07,00,3.6,45.68568
76,2024-02-09 22:03:29,01,8.5,50.36991
80,2024-01-16 15:03:20,00,9.7,29.09583
100,2024-01-20 13:09:46,00,4.5,28.64328
100,2024-01-17 06:53:16,01,6.2,95.65176
58,2024-02-01 16:10:22,00,4.4,66.01979
67,2024-02-06 06:08:25,00,1.6,39.44129
65,2024-02-05 19:30:53,00,0.0,82.12177
49,2024-01-21 21:07:28,01,2.9,42.30081
67,2024-02-01 22:53:01,01,3.0,84.54353
29,2024-02-02 01:09:26,01,3.3,60.77571
90,2024-01-28 16:20:22,00,8.4,88.96664
33,2024-02-01 09:12:38,00,5.4,95.53684
62,2024-01-27 19:33:28,01,2.8,81.14023
44,2024-01-14 04:58:37,02,0.2,57.41633
17,2024-01-20 09:07:08,00,5.2,48.99976
28,2024-01-15 16:33:06,02,8.9,60.453
36,2024-01-28 06:42:39,00,1.0,93.12342
54,2024-02-04 18:45:55,00,5.6,55.37509
15,2024-01-27 13:48:09,00,9.6,74.90008
93,2024-02-04 15:49:01,00,5.0,46.50194
1,2024-02-06 09:59:09,02,1.7,57.95
40,2024-01-22 09:50:42,00,8.2,42.77541
85,2024-01-16 02:11:09,00,4.8,30.83041
71,2024-01-14 03:37:03,00,9.7,65.207
54,2024-01-15 16:01:49,00,5.7,29.50889
85,2024-02-01 23:23:03,00,7.2,66.7031
16,2024-02-07 00:53:40,02,8.4,55.90421
78,2024-01-30 16:38:10,00,2.9,46.19707
90,2024-02-09 18:47:04,00,8.1,46.63652
57,2024-01-14 20:59:17,01,6.1,55.91943
65,2024-02-06 07:54:04,02,6.4,97.6756
45,2024-01-26 15:50:19,01,2.6,60.08571
85,2024-01-30 03:04:46,00,9.0,78.65286
18,2024-01-14 11:35:25,00,9.1,43.47898
7,2024-02-04 01:39:36,00,4.0,56.63994
28,2024-02-09 00:41:00,00,9.6,36.0339
36,2024-01-25 02:26:31,01,4.1,76.637
80,2024-01-17 02:54:11,00,3.9,96.42546
61,2024-02-03 14:54:51,00,7.6,39.69882
28,2024-01-31 04:09:54,01,4.1,75.62717
74,2024-01-29 10:41:16,01,3.5,65.55356
1,2024-02-04 00:29:05,02,7.8,73.97721
54,2024-01-23 09:48:20,00,1.7,64.99659
19,2024-01-28 04:36:57,01,4.7,30.27015
49,2024-01-27 22:01:31,01,0.6,37.08927
46,2024-01-21 16:30:55,01,8.9,58.92274
96,2024-01-16 15:11:43,00,3.3,95.35169
93,2024-02-07 04:30:57,01,6.5,32.08835
93,2024-01-26 23:18:24,00,4.8,94.88475
80,2024-01-19 09:02:25,00,0.5,79.59752
62,2024-01-25 15:13:22,01,5.2,84.83289
42,2024-01-14 23:42:42,01,5.7,63.07089
90,2024-01-18 00:04:01,01,7.9,80.24286
85,2024-01-28 14:44:21,02,6.0,33.18201
2,2024-02-05 23:26:46,02,5.0,68.68606
84,2024-02-07 17:25:13,00,9.3,84.99555
92,2024-01-29 08:02:54,00,6.6,96.42214
40,2024-01-14 08:44:59,00,8.4,75.61923
68,2024-01-20 03:04:50,00,5.2,46.18438
51,2024-02-07 12:03:58,00,8.9,82.96593
2,2024-01-19 19:10:18,00,0.3,54.40318
91,2024-01-25 19:06:52,01,7.5,61.59057
88,2024-02-07 12:37:27,02,6.4,57.21225
14,2024-01-25 06:25:13,00,2.3,29.97119
85,2024-01-19 11:53:31,00,6.8,27.99613
84,2024-01-29 07:49:02,00,8.9,44.09588
21,2024-01-31 09:53:07,00,1.4,83.44876
41,2024-01-21 14:14:49,00,4.2,98.91215
89,2024-01-29 01:52:08,01,2.6,85.10561
65,2024-01-16 03:23:22,00,6.2,25.61823
22,2024-01-15 07:19:59,00,1.5,83.54178
73,2024-01-23 18:27:38,02,0.3,29.1133
80,2024-01-29 06:07:42,02,5.3,75.93563
100,2024-02-04 02:42:37,00,1.5,88.31605
25,2024-01-17 12:07:17,00,0.6,34.82946
85,2024-02-07 23:58:59,00,6.7,91.2816
48,2024-01-29 14:53:42,00,4.2,74.8069
68,2024-01-22 22:44:12,00,9.0,49.25263
28,2024-01-15 01:58:48,02,1.1,35.94126
95,2024-01-28 16:42:34,00,8.5,66.38697
8,2024-02-02 19:05:57,00,5.1,90.46901
27,2024-01-29 10:06:05,00,6.7,68.08581
39,2024-01-25 16:57:03,02,3.6,78.60811
29,2024-01-29 10:58:54,00,4.0,57.54982
86,2024-01-15 10:07:33,01,9.3,78.18441
80,2024-02-07 09:30:50,00,0.1,74.68986
8,2024-02-05 02:11:24,00,9.7,47.35696
3,2024-01-26 00:25:28,02,7.9,68.5034
4,2024-02-02 08:10:22,02,6.8,73.26929
55,2024-01-24 04:53:27,01,0.1,91.83827
90,2024-01-15 23:07:46,00,7.8,82.17487
13,2024-01-22 21:54:22,02,1.0,39.90894
56,2024-01-22 07:57:21,02,2.3,62.45882
48,2024-01-22 21:00:58,01,6.0,85.40887
79,2024-01-31 00:41:59,00,2.7,94.59135
79,2024-02-02 17:54:06,01,3.4,50.30043
87,2024-02-05 21:27:34,00,5.8,64.16457
44,2024-01-14 03:02:14,00,1.8,87.44318
23,2024-02-03 21:55:39,01,2.6,91.11138
84,2024-02-05 01:34:00,01,3.4,57.11686
28,2024-01-23 20:27:02,01,1.5,93.51249
90,2024-01-24 13:15:19,01,0.8,85.49758
13,2024-01-20 19:05:50,00,3.1,91.645
84,2024-02-05 19:55:24,01,0.1,81.69737
12,2024-01-27 00:57:34,00,0.2,87.30441
16,2024-01-26 07:06:06,00,6.8,44.58034
68,2024-01-29 21:59:13,00,4.0,63.57158
47,2024-01-28 14:25:20,00,1.2,40.15593
12,2024-01-26 21:32:20,00,7.9,74.51598
56,2024-02-06 10:51:23,01,1.6,51.51103
17,2024-02-02 23:32:09,00,0.7,42.7836
29,2024-01-18 08:39:48,00,1.6,72.30814
94,2024-02-04 21:12:10,00,2.1,27.3692
16,2024-01-30 12:44:13,02,3.5,36.76108
88,2024-02-05 06:47:49,00,3.7,66.97968
13,2024-01-23 22:32:08,00,1.8,96.51574
12,2024-02-03 23:14:03,00,9.1,51.32244
22,2024-02-07 20:07:37,01,2.7,83.96511
1,2024-01-22 14:52:48,00,8.4,40.06246
93,2024-01-16 09:47:15,01,0.0,46.28243
42,2024-01-30 14:29:11,01,6.7,36.09541
72,2024-02-01 07:44:14,00,5.2,74.22527
13,2024-02-05 15:04:35,00,1.6,51.83705
11,2024-02-08 21:51:08,00,0.8,96.46414
83,2024-01-23 05:51:27,00,1.4,56.9246
42,2024-02-01 07:45:46,01,8.0,89.57837
18,2024-01-24 14:30:38,01,9.8,98.73499
50,2024-01-31 09:05:48,01,3.7,50.2513
41,2024-01-25 23:59:45,00,6.0,71.62925
2,2024-02-07 08:06:11,02,0.2,40.11651
51,2024-01-24 16:12:42,01,9.7,75.90082
25,2024-01-27 02:19:23,00,0.4,52.70352
31,2024-01-30 10:19:58,00,9.2,72.42514
37,2024-01-19 07:29:24,00,8.1,39.54707
5,2024-01-23 20:44:36,00,4.8,94.14193
81,2024-02-08 16:49:21,00,2.1,85.47754
17,2024-01-25 20:07:19,01,1.5,43.64542
31,2024-01-31 14:00:46,02,9.1,55.16635
53,2024-02-08 10:21:42,00,8.5,40.24171
68,2024-01-30 09:32:46,01,5.7,90.32304
22,2024-01-22 12:46:14,00,0.8,51.44428
88,2024-02-06 08:22:12,00,3.2,57.56719
18,2024-02-05 21:57:45,00,9.7,55.81792
88,2024-01-25 17:05:49,01,2.1,91.72107
40,2024-01-18 01:48:52,00,3.7,87.38195
30,2024-02-02 16:04:10,00,9.9,85.32418
48,2024-01-17 14:06:05,00,9.5,75.19946
69,2024-02-03 16:48:13,00,8.4,42.39007
68,2024-02-08 00:30:22,00,6.8,55.90858
32,2024-01-18 05:36:57,02,7.7,34.18939
85,2024-01-31 08:24:09,00,6.4,93.4538
12,2024-01-20 22:37:39,01,6.7,64.55548
42,2024-02-06 19:28:32,01,9.9,47.34768
76,2024-02-04 18:35:11,01,9.0,70.6869
45,2024-01-16 07:12:33,00,9.8,40.04589
93,2024-01-16 14:10:13,00,8.5,30.71331
49,2024-02-04 04:07:49,00,3.9,63.4901
36,2024-02-02 01:22:18,00,0.4,28.77247
42,2024-01-31 01:53:51,00,2.1,72.46421
17,2024-01-26 01:49:36,00,7.5,80.50838
95,2024-01-29 04:08:56,00,7.4,32.47541
11,2024-02-09 08:48:28,00,7.8,93.43282
81,2024-01-15 23:48:37,00,3.0,42.30821
8,2024-02-05 03:16:35,00,6.4,70.52314
65,2024-02-02 07:23:31,01,8.9,46.87744
30,2024-01-29 06:36:26,00,2.9,48.04777
98,2024-02-01 06:57:32,00,0.7,51.32698
3,2024-01-14 16:43:28,00,0.4,66.37176
77,2024-01-25 23:07:45,00,7.4,57.45
58,2024-01-31 20:57:30,00,2.9,85.86592
59,2024-02-09 04:45:34,02,7.8,75.14288
1,2024-02-08 10:05:17,01,6.8,68.92685
66,2024-01-19 19:13:14,00,9.7,65.75034
98,2024-02-02 05:11:41,00,4.5,74.76346
80,2024-01-26 21:17:37,01,5.5,44.12348
44,2024-02-08 16:34:38,00,6.3,34.97688
78,2024-01-21 14:59:05,00,9.7,66.08632
14,2024-01-27 14:17:06,01,5.6,54.39466
31,2024-02-01 04:31:34,02,0.3,48.12536
43,2024-01-19 16:33:34,00,2.2,94.39717
95,2024-01-22 04:50:58,01,0.8,86.39674
70,2024-01-17 11:32:11,01,5.4,80.69251
31,2024-01-16 16:19:19,00,4.0,87.57199
89,2024-02-03 14:36:51,00,4.3,30.61346
3,2024-01-28 12:17:57,01,9.1,39.64952
56,2024-01-25 15:18:25,01,5.9,70.68173
28,2024-01-23 08:51:29,02,4.0,26.01271
29,2024-02-09 02:49:36,00,0.9,62.75539
68,2024-01-23 17:18:16,01,4.1,49.06146
99,2024-01-24 02:40:40,00,8.3,29.66785
71,2024-01-25 01:00:07,00,7.0,28.9667
71,2024-02-08 14:42:21,01,2.3,48.05358
98,2024-01-26 02:29:22,00,6.1,72.1858
95,2024-01-15 04:27:28,00,3.9,38.12313
82,2024-01-18 05:04:02,00,1.1,57.5516
67,2024-02-08 22:29:35,00,1.3,79.96565
46,2024-02-08 21:05:33,01,0.6,26.97669
15,2024-01-28 23:39:59,02,8.3,85.35938
100,2024-02-02 02:34:57,01,4.6,97.9877
100,2024-01-28 09:32:21,02,5.3,56.75213
94,2024-02-04 20:12:31,02,2.7,39.86768
58,2024-02-01 10:27:09,00,9.4,88.24262
30,2024-01-27 08:50:29,00,9.8,71.03644
57,2024-02-07 16:22:22,00,0.9,94.73846
78,2024-01-21 12:52:12,02,8.7,68.86073
82,2024-01-26 06:11:19,00,0.4,65.68642
87,2024-01-15 09:57:20,00,1.6,45.52777
85,2024-02-04 23:15:07,00,9.1,78.87997
58,2024-01-30 10:57:38,00,8.2,82.04481
96,2024-01-19 08:22:49,00,6.2,71.25785
3,2024-01-15 01:39:54,00,8.8,71.10169
12,2024-01-18 05:43:53,00,3.6,46.59361
60,2024-02-03 08:00:52,01,0.6,44.37307
57,2024-01-28 01:35:04,00,3.0,26.51998
54,2024-01-27 01:19:16,02,7.5,54.6254
49,2024-01-19 18:06:20,00,5.1,64.40054
89,2024-02-09 01:37:43,01,3.1,51.80698
77,2024-01-31 07:48:53,00,4.5,95.27825
44,2024-02-08 05:50:40,00,1.5,31.71198
6,2024-01-29 16:32:29,00,3.6,95.47776
37,2024-01-14 09:33:17,00,5.5,46.45545
90,2024-01-27 00:13:55,01,0.7,33.71912
33,2024-01-29 00:31:42,00,7.2,80.73879
82,2024-02-06 23:09:09,00,4.4,56.34925
42,2024-01-21 20:02:20,00,7.9,95.79474
92,2024-01-28 13:07:31,02,6.4,69.85567
45,2024-02-09 16:28:29,00,6.2,48.86461
63,2024-01-31 14:09:56,00,9.3,58.4793
82,2024-01-20 21:26:43,01,9.0,54.26755
36,2024-02-02 20:42:24,01,4.8,29.06618
63,2024-02-08 11:57:50,01,7.9,32.58045
90,2024-01-16 11:49:44,01,4.6,93.05488
16,2024-02-09 08:38:51,00,1.9,54.12686
15,2024-01-16 06:02:25,01,4.3,63.42735
13,2024-01-16 17:47:13,01,0.8,35.51755
97,2024-02-05 04:28:35,02,4.3,97.11735
97,2024-02-07 23:24:34,00,6.6,86.26273
94,2024-01-17 02:33:40,00,4.4,71.85801
11,2024-01-24 11:31:12,02,0.3,59.35997
30,2024-02-05 06:55:31,01,0.5,49.56558
9,2024-01-28 07:45:36,00,8.6,90.88474
2,2024-01-20 05:49:47,02,4.8,32.82386
34,2024-02-08 23:32:52,02,3.4,91.30903
2,2024-02-07 07:11:06,00,7.6,85.04606
5,2024-02-07 06:41:09,01,8.3,58.82297
59,2024-01-23 11:08:30,01,1.4,53.85554
13,2024-01-23 10:31:46,00,0.1,47.10758
24,2024-01-20 18:36:22,00,10.0,36.47277
13,2024-02-07 16:28:52,00,1.9,51.55231
37,2024-02-01 07:50:48,00,6.7,71.81875
44,2024-01-20 22:24:07,00,0.2,74.13284
10,2024-01-30 04:43:36,01,5.2,85.52537
45,2024-01-20 08:05:41,00,5.9,28.27989
70,2024-02-08 17:44:15,01,4.9,53.13196
99,2024-01-31 20:24:22,01,0.7,50.2483
92,2024-01-16 09:39:56,00,3.9,60.8134
79,2024-01-14 01:25:06,00,4.8,97.5124
87,2024-01-19 06:37:04,01,1.8,72.20531
17,2024-01-31 03:54:50,01,4.5,94.23438
98,2024-01-19 12:06:36,00,5.6,50.50462
75,2024-01-18 18:22:21,00,0.5,49.87484
72,2024-01-17 10:58:16,01,6.7,56.98518
44,2024-01-15 18:02:11,00,7.2,56.67275
20,2024-01-16 08:58:49,00,8.0,73.14993
59,2024-01-22 17:37:31,00,4.1,71.97248
89,2024-01-21 22:10:38,00,3.0,93.16193
8,2024-01-21 23:31:07,02,0.1,79.83423
65,2024-02-05 14:02:01,00,9.1,57.70373
58,2024-01-28 04:27:38,00,8.3,96.02588
95,2024-01-25 09:45:13,02,2.3,92.01217
67,2024-01-17 23:34:00,02,6.8,54.1208
98,2024-02-03 17:32:01,01,3.5,55.8322
60,2024-01-25 22:13:39,01,5.8,75.07421
97,2024-01-29 22:49:59,01,5.2,48.01289
76,2024-01-20 01:06:15,00,9.7,86.34257
63,2024-02-03 12:22:05,00,7.1,70.52179
27,2024-02-03 18:43:27,00,7.7,39.98178
56,2024-01-25 18:34:45,00,8.3,96.3276
51,2024-01-21 19:21:08,00,7.3,78.8311
71,2024-01-24 00:32:56,00,5.2,44.00209
74,2024-01-19 00:20:14,00,2.3,72.33145
81,2024-01-14 22:19:50,00,2.7,77.60015
89,2024-01-29 20:59:40,02,5.2,54.29612
12,2024-01-28 07:53:20,00,3.6,32.36912
54,2024-01-26 05:29:10,00,9.8,87.20873
27,2024-01-31 22:17:20,00,8.3,84.54225
92,2024-01-30 02:34:17,00,7.3,43.53979
94,2024-01-14 02:23:43,02,4.0,74.49803
78,2024-01-22 08:42:32,00,9.0,50.87988
20,2024-02-07 16:34:58,00,8.4,36.20531
97,2024-01-17 04:04:37,02,3.3,34.03939
93,2024-02-01 14:56:38,01,0.1,98.61654
79,2024-01-23 21:14:09,00,1.9,62.61217
19,2024-02-08 07:44:01,00,5.9,48.7179
87,2024-01-16 16:55:48,00,2.9,87.84973
82,2024-01-14 02:08:21,00,7.6,80.07192
84,2024-01-24 20:04:00,00,9.5,28.90168
13,2024-01-28 23:16:14,00,0.8,81.94985
59,2024-02-04 04:29:06,02,7.1,38.46138
34,2024-02-07 20:39:02,01,6.9,63.34277
16,2024-01-26 06:08:01,01,0.1,60.90804
91,2024-01-18 04:01:46,00,2.7,45.00167
46,2024-01-23 21:31:10,01,2.1,67.87872
53,2024-01-16 23:11:23,00,9.0,37.85783
22,2024-02-06 13:57:21,01,5.4,65.42448
22,2024-01-18 12:28:11,00,3.1,40.02452
84,2024-02-02 06:05:22,00,3.6,56.4195
18,2024-02-02 16:29:53,00,5.1,69.58786
92,2024-02-07 05:22:39,00,9.2,46.67258
53,2024-02-06 05:51:15,02,5.5,57.77987
58,2024-01-30 03:22:35,00,9.5,31.57239
34,2024-01-20 18:22:27,00,3.9,38.96561
73,2024-02-08 13:10:46,00,9.3,90.38498
79,2024-01-16 15:21:30,00,6.0,57.35179
96,2024-01-21 06:22:20,02,7.5,99.12468
92,2024-01-26 00:29:11,00,8.6,40.40467
39,2024-01-14 01:00:51,00,5.6,28.49596
52,2024-01-18 15:28:02,00,5.1,72.67859
44,2024-01-21 21:26:02,01,5.4,27.19594
32,2024-01-18 01:49:37,02,0.9,94.33902
15,2024-02-04 11:04:12,02,3.8,95.41135
53,2024-01-17 05:10:13,02,2.7,32.20635
76,2024-02-09 22:04:48,00,4.4,86.24512
33,2024-02-07 05:46:32,01,0.7,92.95996
48,2024-02-08 19:30:57,01,5.4,72.10956
56,2024-02-07 06:59:34,00,2.7,71.37036
52,2024-01-19 05:55:26,01,7.8,31.83374
50,2024-02-03 14:52:01,00,3.8,82.54291
39,2024-02-09 21:16:29,00,2.4,92.33318
44,2024-02-08 04:54:01,00,8.5,62.60547
75,2024-01-24 14:56:03,00,1.4,60.81186
69,2024-02-02 13:26:33,00,3.3,43.55532
49,2024-01-20 09:13:46,00,0.4,96.55463
26,2024-02-06 15:28:26,01,1.5,77.10337
65,2024-01-28 08:24:46,00,7.5,29.47326
55,2024-01-31 21:37:14,01,8.4,38.29658
78,2024-01-29 12:26:11,01,4.5,62.89689
56,2024-01-14 02:12:49,00,2.3,45.0963
29,2024-02-01 04:52:07,02,8.5,97.21701
82,2024-01-28 06:29:26,02,7.3,30.66327
30,2024-01-14 23:52:12,00,3.1,84.74799
94,2024-01-28 07:45:43,01,9.5,84.7495
30,2024-01-21 10:52:09,00,9.5,95.1194
3,2024-01-27 04:58:44,02,2.7,48.58681
38,2024-01-22 18:31:21,00,8.8,33.56437
100,2024-01-19 04:20:21,00,8.0,73.68747
49,2024-02-05 06:45:12,02,6.6,34.1737
8,2024-01-29 22:12:06,01,6.6,26.98295
52,2024-01-26 02:28:30,00,5.9,55.4594
26,2024-02-02 13:04:12,02,9.0,69.59027
19,2024-02-04 09:31:52,00,5.2,73.78719
77,2024-01-27 04:37:10,02,2.8,86.04676
4,2024-02-05 09:54:58,00,6.2,70.26204
70,2024-01-31 18:27:14,00,2.9,73.80216
66,2024-02-06 07:07:44,00,9.5,27.63109
44,2024-01-31 08:19:52,00,2.3,91.87355
71,2024-01-24 02:09:43,01,5.1,54.0616
63,2024-02-05 14:36:24,00,9.9,59.74083
87,2024-02-09 20:22:17,02,5.5,92.05488
75,2024-01-24 15:30:06,00,3.7,55.03322
56,2024-01-26 01:00:31,00,5.2,42.9061
29,2024-01-18 17:07:30,00,9.5,72.17999
16,2024-02-06 10:25:06,00,4.6,52.69669
66,2024-01-26 14:31:35,00,4.9,76.24645
53,2024-01-15 06:36:43,02,2.4,48.75295
99,2024-01-16 22:27:08,00,3.0,71.43998
63,2024-01-25 04:36:41,02,4.5,74.67166
54,2024-01-31 22:57:01,00,0.3,29.81048
82,2024-02-06 20:26:33,01,6.8,56.82082
33,2024-01-20 22:11:39,00,4.1,95.82325
91,2024-01-15 09:26:34,01,4.7,83.16598
11,2024-02-04 17:11:49,01,6.3,87.3233
80,2024-02-05 10:54:23,00,6.3,79.18352
70,2024-01-26 03:08:56,01,9.4,64.03517
38,2024-01-17 03:15:31,00,8.8,27.37462
46,2024-02-05 11:25:30,01,9.9,42.46202
96,2024-01-27 01:07:06,00,0.0,85.08043
100,2024-01-31 00:04:29,00,2.0,77.6071
27,2024-01-28 18:42:44,01,5.3,72.69554
81,2024-02-08 13:20:31,00,2.1,53.97722
22,2024-01-21 22:44:54,01,4.5,71.1878
13,2024-02-06 22:10:22,00,4.8,44.92662
97,2024-01-22 22:35:58,00,3.9,99.30178
61,2024-02-01 01:40:23,01,8.8,61.86285
42,2024-02-06 10:58:06,02,9.9,68.25316
18,2024-01-17 01:37:31,00,4.7,98.49198
19,2024-01-27 14:43:04,00,6.3,36.25139
86,2024-01-30 00:22:48,00,1.8,76.52686
92,2024-01-22 15:38:11,00,9.2,76.35903
55,2024-02-02 00:19:07,01,6.6,55.13955
48,2024-01-27 03:41:18,00,0.3,74.54903
97,2024-01-22 06:12:27,00,6.8,45.27365
83,2024-01-25 02:13:44,01,5.4,43.60948
49,2024-02-07 09:49:55,02,7.0,89.56865
37,2024-01-14 23:15:54,00,7.0,35.15135
82,2024-01-23 20:34:17,01,0.1,75.2355
5,2024-02-02 22:11:01,01,8.0,49.58081
18,2024-01-15 22:43:04,00,5.4,77.93366
91,2024-01-27 22:38:38,00,6.1,64.77113
86,2024-02-04 05:56:16,00,9.5,49.40537
15,2024-02-05 00:39:21,00,3.8,28.29315
97,2024-01-15 00:46:01,01,8.0,57.27996
31,2024-02-04 18:07:52,00,7.5,74.94784
31,2024-01-27 07:51:03,01,2.6,99.73048
41,2024-01-22 01:51:26,00,8.2,70.2692
96,2024-01-27 07:49:24,00,7.4,99.65447
12,2024-02-09 05:17:28,02,3.4,47.82739
32,2024-01-21 05:27:00,00,1.8,83.1251
93,2024-01-22 09:38:38,00,3.5,99.34016
71,2024-01-16 21:52:00,02,7.5,43.85518
97,2024-02-01 02:22:31,00,2.7,49.88065
82,2024-01-23 20:59:33,00,0.4,63.16608
76,2024-02-01 15:12:15,00,9.2,97.57684
16,2024-02-09 09:19:26,02,2.0,70.14676
10,2024-02-09 00:36:12,00,4.1,76.43388
38,2024-01-16 18:39:12,00,5.4,49.33583
43,2024-01-14 21:38:33,00,9.3,84.63242
47,2024-02-01 21:07:49,00,8.7,55.5127
80,2024-02-05 03:16:08,01,6.2,77.65761
31,2024-01-17 01:36:55,01,8.0,91.95314
16,2024-02-03 21:32:10,01,4.2,41.40649
63,2024-02-04 15:17:05,00,8.2,81.28048
17,2024-01-26 11:46:20,01,2.3,78.91824
38,2024-01-23 17:57:16,00,6.3,74.64779
10,2024-02-08 00:21:45,00,1.8,92.19126
91,2024-02-06 13:16:44,02,9.6,91.71491
67,2024-01-22 10:42:53,00,2.1,54.1529
20,2024-01-20 07:06:10,02,0.3,50.36623
28,2024-01-27 15:05:15,00,5.9,35.04756
63,2024-02-06 04:14:16,02,1.8,26.27803
7,2024-02-09 07:22:14,01,6.0,70.12812
70,2024-02-02 08:18:59,00,0.2,45.52748
59,2024-01-17 00:35:36,00,5.5,42.16983
92,2024-02-03 16:41:42,01,7.8,27.59067
28,2024-01-25 21:27:36,00,5.4,43.58368
68,2024-01-20 09:52:21,00,4.9,78.24333
92,2024-01-18 19:02:18,02,1.3,28.37271
55,2024-02-07 08:38:19,01,7.8,69.84956
76,2024-01-26 14:30:48,01,0.6,93.92425
25,2024-01-14 17:28:27,01,7.4,51.81775
77,2024-02-05 23:58:14,01,9.2,79.55128
49,2024-01-30 17:48:19,00,5.5,65.20624
34,2024-02-03 18:30:23,00,6.3,80.05186
9,2024-01-25 07:09:17,00,8.6,45.3202
91,2024-02-07 12:06:48,00,5.5,36.476
31,2024-02-08 02:49:17,00,3.5,35.04914
10,2024-01-30 22:44:55,02,7.4,61.89578
55,2024-01-31 01:32:11,00,3.5,39.95216
42,2024-01-18 19:05:00,00,2.4,80.262
41,2024-01-25 12:26:00,02,6.1,65.7874
85,2024-02-05 04:44:35,01,2.8,93.88066
93,2024-02-01 12:11:06,00,5.0,81.27271
26,2024-01-14 19:10:47,00,3.9,98.86991
71,2024-02-08 09:37:14,00,2.3,93.00582
49,2024-02-06 17:08:42,01,7.6,72.81317
66,2024-02-02 04:02:17,00,7.3,74.89967
76,2024-01-19 05:44:22,01,7.9,52.55277
90,2024-01-16 17:11:49,01,2.1,39.35179
68,2024-01-20 00:52:30,01,6.9,61.85886
13,2024-01-20 03:50:31,00,0.4,71.78014
58,2024-01-20 20:12:04,02,9.6,64.16451
13,2024-02-01 13:50:19,00,2.1,83.09874
37,2024-02-04 17:26:05,00,0.1,58.01308
55,2024-02-05 15:35:51,00,4.4,87.20236
11,2024-01-30 02:35:52,02,4.0,70.78541
87,2024-01-26 13:18:05,00,5.8,33.22916
54,2024-02-08 15:20:01,00,0.6,88.59641
1,2024-01-21 20:59:30,00,1.0,59.879
96,2024-02-06 14:07:09,00,0.1,44.37655
25,2024-02-02 22:51:09,00,5.9,64.21168
68,2024-01-14 01:40:05,00,3.8,99.03161
15,2024-01-30 18:05:00,01,4.4,57.7938
68,2024-02-08 08:19:20,00,3.7,89.25405
89,2024-01-16 22:39:57,00,5.1,72.81757
86,2024-02-01 15:51:04,00,3.4,42.70684
57,2024-01-20 18:17:45,01,1.2,63.30075
17,2024-02-05 21:56:19,00,8.0,84.99002
63,2024-02-05 15:06:00,02,2.3,76.45692
76,2024-02-02 21:35:59,00,4.9,99.24969
100,2024-01-26 16:48:56,01,1.4,33.46481
9,2024-02-03 05:24:48,00,2.5,66.43351
6,2024-02-01 05:28:27,01,9.1,73.24009
98,2024-02-09 08:33:44,02,2.2,30.08714
96,2024-01-18 08:50:27,00,8.9,68.09117
42,2024-02-08 06:51:41,00,8.5,73.12784
37,2024-01-21 09:29:10,00,7.9,82.34927
52,2024-01-30 18:36:17,00,1.7,36.07695
71,2024-01-22 12:20:39,00,2.2,86.89701
52,2024-01-16 09:39:52,01,3.7,68.609
91,2024-01-23 20:39:32,02,9.0,44.83579
2,2024-01-19 01:55:35,01,1.1,76.8025
100,2024-01-25 19:15:47,02,8.9,25.78208
66,2024-01-23 18:39:28,02,1.1,80.54453
18,2024-01-23 14:12:00,01,0.2,79.48939
69,2024-01-15 12:43:15,00,2.4,64.20799
59,2024-01-27 10:04:46,00,0.7,66.79636
54,2024-02-05 23:57:14,00,9.2,62.64799
66,2024-02-07 07:44:38,01,7.2,79.54516
74,2024-01-29 19:44:44,02,6.2,76.82879
59,2024-01-27 10:11:20,00,6.2,81.90917
17,2024-02-01 19:00:33,00,5.3,63.97802
93,2024-01-18 07:19:39,02,4.9,59.77241
10,2024-02-03 11:00:34,00,9.5,85.5644
46,2024-02-01 22:03:14,00,2.0,91.88885
56,2024-01-31 18:38:25,01,5.6,68.0879
54,2024-01-26 15:16:08,00,10.0,39.17986
11,2024-01-25 18:08:46,00,0.8,67.52768
27,2024-01-18 06:39:52,01,7.8,84.56279
71,2024-02-09 00:59:55,00,5.3,82.0004
92,2024-01-22 15:59:27,01,7.7,49.74568
30,2024-02-06 10:39:05,01,6.4,85.64437
57,2024-01-15 03:30:12,00,5.9,35.76516
94,2024-02-01 22:12:48,01,4.1,79.44993
84,2024-01-30 09:15:55,01,9.1,51.79576
58,2024-01-27 05:58:35,01,1.5,45.72476
33,2024-01-24 20:13:53,00,5.1,68.8492
98,2024-02-04 01:21:52,02,3.2,72.90414
12,2024-01-21 16:02:35,01,0.4,56.94833
17,2024-01-21 03:47:30,00,6.1,54.6897
44,2024-02-04 00:54:28,00,7.1,67.27644
97,2024-01-21 08:15:02,00,5.6,81.74458
89,2024-02-04 09:49:11,00,5.0,39.19898
86,2024-02-08 20:21:53,00,2.6,95.66925
76,2024-02-07 12:41:26,00,9.9,41.29032
51,2024-02-07 17:50:55,00,1.0,43.3957
69,2024-01-23 06:46:35,00,4.5,56.62559
12,2024-02-06 17:41:01,00,7.1,86.06313
9,2024-01-23 15:07:14,00,3.1,64.89774
29,2024-02-01 19:04:30,00,1.5,86.6617
39,2024-02-01 05:43:53,01,7.4,29.09467
35,2024-01-21 05:43:35,02,1.5,48.17848
11,2024-02-03 05:21:43,00,5.3,75.95121
26,2024-01-20 22:03:56,01,7.5,87.71863
69,2024-01-25 04:19:42,01,0.8,65.03167
54,2024-01-28 05:10:33,00,2.0,47.48237
15,2024-01-24 21:40:44,02,6.1,49.40345
24,2024-01-28 19:06:38,01,6.0,55.79076
53,2024-01-27 23:39:53,02,7.2,43.15815
76,2024-01-16 07:20:11,01,1.0,66.48105
45,2024-01-20 09:34:07,00,7.2,78.78451
27,2024-02-06 23:13:00,01,9.6,30.92898
55,2024-01-15 11:58:43,02,7.0,82.68231
83,2024-02-05 09:36:28,00,0.5,30.50556
16,2024-02-05 04:10:25,01,0.5,50.22725
97,2024-02-01 08:56:26,02,2.5,64.10969
1,2024-02-08 13:29:03,01,8.6,35.95953
10,2024-01-31 06:05:18,00,8.1,30.93347
66,2024-01-19 08:45:06,00,4.0,75.29714
13,2024-01-30 15:04:11,01,2.3,95.53582
53,2024-02-03 16:50:06,02,0.4,60.84309
45,2024-01-16 23:21:51,01,2.4,95.56677
28,2024-02-02 00:18:44,01,2.8,89.76876
96,2024-02-08 19:57:56,01,0.3,78.4079
21,2024-01-21 23:47:37,01,4.6,66.81581
14,2024-01-18 12:41:54,00,6.9,52.80857
76,2024-02-06 20:39:37,01,9.8,35.37575
41,2024-02-07 06:39:09,00,6.5,67.75457
26,2024-01-26 05:00:40,00,7.9,70.88144
84,2024-01-31 23:28:06,00,3.0,57.1607
99,2024-01-24 10:36:27,02,4.9,86.607
28,2024-01-22 07:29:55,00,4.4,80.25139
87,2024-01-28 01:02:03,00,6.0,91.04897
22,2024-01-21 14:15:09,00,4.5,50.82398
11,2024-02-04 13:27:17,00,9.9,43.30321
85,2024-02-02 20:40:15,00,9.6,92.84014
86,2024-01-17 13:37:46,00,0.9,94.73256
73,2024-02-06 18:13:34,00,6.9,41.20651
79,2024-02-03 18:09:00,00,7.4,84.45028
60,2024-02-08 08:45:10,02,0.1,99.09165
89,2024-01-15 15:43:01,00,4.5,73.01448
92,2024-01-14 14:37:01,01,7.3,38.70195
96,2024-01-20 07:55:07,01,1.1,26.73677
16,2024-01-23 00:31:25,00,0.5,59.84121
13,2024-01-28 23:03:21,02,7.0,71.58202
69,2024-01-25 20:25:00,00,7.6,41.27794
96,2024-02-08 15:17:16,01,5.0,76.70735
66,2024-01-25 18:47:11,00,9.1,79.14627
62,2024-01-22 01:16:03,00,1.0,73.60208
24,2024-02-02 18:39:42,01,0.5,41.99407
70,2024-01-17 14:25:48,00,4.1,55.02755
2,2024-01-16 19:21:02,00,6.6,28.17881
67,2024-01-21 09:38:10,00,6.3,58.20875
12,2024-01-22 02:46:21,00,1.0,75.95195
33,2024-01-17 22:46:41,00,6.8,66.41684
7,2024-01-21 18:29:50,01,9.2,67.49867
82,2024-01-20 17:55:40,00,3.5,72.99783
39,2024-01-28 22:27:46,00,7.0,85.39622
86,2024-02-09 21:15:33,02,4.4,35.86001
15,2024-01-21 10:41:21,00,8.7,75.04802
74,2024-01-27 16:48:52,00,2.7,72.41601
1,2024-01-30 05:48:40,02,6.7,26.27855
67,2024-01-15 12:56:37,00,2.6,42.33556
49,2024-01-25 15:22:11,01,2.1,95.29778
67,2024-01-22 16:20:19,00,9.9,46.06426
71,2024-01-26 13:37:04,00,1.0,61.72057
70,2024-02-05 06:58:41,01,0.5,36.75102
43,2024-02-05 21:24:16,02,4.1,52.5151
17,2024-01-28 16:30:11,00,0.8,29.70588
50,2024-01-24 03:48:31,00,9.4,94.06053
9,2024-02-08 09:00:52,01,8.1,93.40852
61,2024-01-28 17:39:38,01,1.9,63.97063
46,2024-02-07 16:57:11,00,3.0,86.38887
60,2024-01-17 05:56:46,01,9.5,80.93298
78,2024-01-26 03:35:10,02,3.0,29.11872
55,2024-02-04 14:29:53,01,5.1,61.84038
30,2024-02-04 08:29:59,01,6.8,76.10597
37,2024-02-06 12:03:40,01,8.8,27.01885
9,2024-01-16 03:25:21,00,3.8,48.71842
11,2024-01-26 00:06:39,00,1.8,34.16195
83,2024-02-08 12:47:36,00,8.9,25.41521
3,2024-01-26 10:52:19,00,0.8,37.74015
27,2024-01-14 22:19:21,00,10.0,61.0383
46,2024-02-03 02:40:21,02,5.7,97.27711
55,2024-02-08 12:29:08,00,3.3,61.08769
13,2024-01-17 10:08:53,00,1.1,86.79249
14,2024-01-17 00:42:44,00,4.5,38.98413
80,2024-02-06 16:22:05,00,4.0,68.12532
78,2024-01-31 19:52:25,01,0.4,32.31694
19,2024-01-25 00:26:06,00,5.2,49.9634
97,2024-01-31 11:22:24,00,6.6,45.33139
8,2024-01-16 02:55:19,00,8.6,69.65462
37,2024-02-09 17:31:23,00,1.8,94.19201
25,2024-01-26 16:00:59,01,6.4,95.14347
29,2024-01-20 18:45:35,01,7.4,70.12314
33,2024-01-30 23:17:06,00,8.3,60.31324
89,2024-01-19 11:36:01,00,2.0,92.57353
16,2024-01-20 10:31:31,00,0.1,48.13571
63,2024-01-27 17:23:56,00,8.3,71.76098
90,2024-02-02 03:35:39,01,3.0,44.33412
51,2024-01-27 04:48:39,01,7.7,97.69182
63,2024-02-08 00:20:17,00,5.9,92.33272
41,2024-02-07 22:35:34,00,2.5,65.138
54,2024-01-29 10:25:57,00,0.8,86.9655
8,2024-01-27 10:56:09,02,0.9,69.81752
93,2024-02-02 22:05:25,00,7.9,89.4317
17,2024-02-04 23:46:13,00,2.1,64.45539
23,2024-01-18 00:28:56,01,2.4,46.46266
31,2024-01-17 15:53:35,00,8.7,51.52625
1,2024-02-02 07:50:09,00,9.3,31.52226
95,2024-01-21 09:21:43,00,5.6,37.8752
95,2024-01-15 01:36:38,00,5.7,72.45101
90,2024-01-28 14:56:32,00,1.8,25.99532
39,2024-02-04 13:11:30,01,9.0,61.48913
34,2024-01-30 10:57:50,01,7.5,76.99188
32,2024-01-22 22:13:49,00,8.1,63.27859
95,2024-02-05 07:50:12,00,0.0,48.34975
21,2024-01-19 07:55:31,01,2.0,81.24172
80,2024-01-27 01:20:14,00,7.0,63.5024
20,2024-01-29 11:07:02,00,8.0,45.37102
21,2024-01-27 16:38:05,01,1.7,92.60811
84,2024-01-28 02:11:05,01,0.4,89.70124
7,2024-02-05 17:07:58,00,6.8,61.59124
21,2024-01-17 05:07:03,01,9.5,37.25239
38,2024-02-05 14:48:21,00,3.7,80.43217
97,2024-01-30 19:56:55,01,5.3,43.53757
99,2024-01-23 08:08:09,00,1.8,97.6523
47,2024-02-05 12:30:07,00,5.4,65.62188
24,2024-01-22 15:07:45,00,7.1,77.09371
75,2024-01-15 11:10:17,00,2.1,84.40011
91,2024-01-22 22:01:23,01,1.5,83.02059
78,2024-02-06 18:58:29,01,3.2,85.72278
25,2024-02-04 01:48:15,01,5.8,36.48889
84,2024-01-20 12:29:14,00,7.8,48.56899
7,2024-02-06 13:38:27,01,2.0,41.21481
61,2024-01-22 01:47:17,00,4.6,26.71282
24,2024-01-27 01:48:35,00,9.2,57.18476
70,2024-02-01 20:28:40,00,8.0,77.81506
16,2024-01-17 01:44:33,00,2.1,93.99141
53,2024-01-21 07:51:56,02,6.3,36.26028
46,2024-01-26 16:06:15,00,0.8,32.91244
36,2024-01-14 08:03:05,01,0.3,54.75176
51,2024-01-15 21:38:20,02,7.9,29.22226
82,2024-01-30 08:19:49,01,5.8,94.57931
3,2024-01-27 16:48:41,00,8.9,53.91532
57,2024-02-09 12:55:42,00,6.3,92.93768
41,2024-02-03 14:56:36,00,8.8,58.03378
98,2024-01-22 01:48:51,01,3.4,49.24725
12,2024-01-15 11:41:26,00,3.7,85.82193
52,2024-01-29 08:06:25,00,6.0,64.99654
11,2024-01-27 05:44:24,01,0.1,30.9527
65,2024-01-15 06:25:05,00,0.7,70.90434
58,2024-01-27 02:15:29,00,4.4,42.19825
73,2024-01-18 22:01:04,02,0.9,32.48884
66,2024-01-31 20:16:43,00,5.2,70.41708
78,2024-01-14 16:52:37,01,0.1,90.19514
17,2024-01-24 22:13:51,00,6.1,84.17483
39,2024-01-22 10:50:27,00,7.5,51.12468
41,2024-01-15 03:44:20,01,1.7,43.43108
65,2024-02-05 21:49:25,00,7.1,33.71379
97,2024-01-31 02:58:33,00,5.9,51.32373
49,2024-01-17 23:59:38,00,9.8,33.42118
8,2024-01-25 07:34:58,02,0.2,60.19533
74,2024-01-16 02:49:17,01,3.4,27.79401
26,2024-02-06 19:59:47,01,0.7,67.53199
20,2024-02-06 20:15:13,00,4.7,67.603
47,2024-01-17 12:15:31,01,6.9,30.99336
64,2024-02-04 09:36:23,00,6.2,48.3229
74,2024-01-18 00:25:06,00,9.8,45.82238
87,2024-01-15 06:35:58,01,1.4,53.39117
85,2024-01-17 20:32:27,02,4.7,54.39726
71,2024-01-14 00:10:09,00,4.9,90.80965
2,2024-02-07 06:50:09,00,0.3,50.08199
34,2024-01-28 08:29:08,00,4.3,26.16534
47,2024-01-21 12:12:58,00,7.6,33.73891
33,2024-01-23 21:08:26,00,4.5,49.52738
88,2024-01-14 03:13:00,00,9.4,97.00402
51,2024-01-23 14:47:08,00,4.8,84.53778
58,2024-01-24 17:10:45,00,4.4,40.29574
37,2024-01-31 15:01:10,00,4.7,61.21457
99,2024-02-02 06:24:45,00,8.1,78.21109
72,2024-01-16 11:40:11,00,2.4,79.91725
48,2024-01-26 14:26:47,00,0.3,31.34348
36,2024-01-27 02:24:58,00,9.9,90.72984
29,2024-02-02 02:22:42,00,8.9,63.34893
77,2024-02-05 19:23:32,01,2.9,70.11852
