device_id,time,latitude,longtitude,battery_level
44,2024-01-18 12:29:34,35.663225357231,23.521488345326,None
35,2024-01-19 05:48:25,38.336381556431,19.319778167048,None
73,2024-01-19 04:42:24,36.565442053995,19.98131990819,None
43,2024-01-17 10:16:15,35.944119120463,23.701907739568,None
18,2024-01-16 17:56:10,38.992147233554,22.149148449289,None
48,2024-01-18 03:08:10,37.770681929448,21.734368049142,None
99,2024-01-15 09:58:00,40.357089149121,23.27225484229,None
40,2024-01-18 17:05:18,34.001798780965,22.24171293291,Low
69,2024-01-18 19:20:16,37.68361105078,19.57418670954,None
90,2024-01-16 09:46:32,39.852287142859,22.298882971348,None
44,2024-01-16 14:47:53,38.212663148406,24.740341943523,None
89,2024-01-18 16:05:41,39.195063965201,21.196102557255,Low
94,2024-01-19 07:35:24,38.029972250987,25.504921127952,Low
77,2024-01-16 03:02:27,36.198801177844,21.216584116096,None
50,2024-01-14 05:53:29,36.82384794074,24.630764785283,Low
89,2024-01-19 21:54:23,39.807688888042,21.745029205443,None
40,2024-01-19 21:53:21,39.617642043343,21.791750935501,Critical
56,2024-01-16 19:31:28,36.732014510413,25.363700361778,None
90,2024-01-14 19:41:59,36.875084070169,19.719889445835,None
58,2024-01-18 06:24:38,40.972234598559,21.128660867334,None
17,2024-01-17 05:05:31,38.141955385954,19.501508905912,None
34,2024-01-14 20:14:19,38.939462811038,22.976092371881,None
84,2024-01-19 20:33:18,38.505487128606,24.843255679274,Critical
62,2024-01-14 15:39:46,39.852738631704,25.666546093733,None
19,2024-01-17 22:38:43,38.51913308655,23.194139249305,None
2,2024-01-17 17:42:45,36.925668352431,19.429419724472,None
72,2024-01-16 13:38:48,34.665281757352,22.872554606425,Low
61,2024-01-14 08:31:34,38.867948080633,25.231602998158,Low
34,2024-01-16 16:35:10,38.771579525146,19.061449474925,None
16,2024-01-18 03:50:30,40.852169980511,20.525713167726,None
42,2024-01-18 16:52:10,39.276986430166,22.625645463094,None
20,2024-01-17 01:53:06,37.872277349854,20.16954554749,None
22,2024-01-14 08:32:30,35.823258067928,22.952429860539,None
82,2024-01-15 18:25:24,40.732699725186,20.039589324506,None
60,2024-01-19 05:44:33,38.248387584015,24.650925897938,None
81,2024-01-17 23:37:46,40.677812130549,24.943295256748,None
28,2024-01-15 23:37:36,34.285583033305,23.942746129121,None
21,2024-01-16 08:02:22,35.658574617225,24.341654587684,None
1,2024-01-14 00:59:03,34.447511386606,24.840904173486,None
39,2024-01-18 13:18:01,35.562787510027,23.39335267595,None
2,2024-01-18 05:57:01,39.844338544304,25.170996825106,Critical
10,2024-01-16 21:47:09,36.647578830429,22.105064346358,None
33,2024-01-19 06:22:41,39.272656552303,20.275565009559,Critical
45,2024-01-18 14:22:32,38.403601017048,24.360450910047,None
27,2024-01-15 23:10:39,34.84993420308,22.866045426441,None
88,2024-01-17 01:11:04,35.817087442351,22.939595729734,None
95,2024-01-16 19:33:40,36.79763950581,22.534534817874,None
91,2024-01-19 05:53:10,37.26203483946,25.296382781296,Critical
54,2024-01-16 19:14:46,35.869166820912,25.368425903795,None
8,2024-01-16 06:52:18,39.080607654799,22.596378408855,Low
43,2024-01-18 04:42:58,34.370357952158,21.821476825707,None
100,2024-01-17 13:16:57,37.892582328602,25.618468650114,None
40,2024-01-16 00:39:45,38.16503105247,19.03256715906,None
6,2024-01-17 23:06:49,35.179108633401,20.79087570844,None
72,2024-01-16 03:19:31,34.505004173871,22.28883319332,None
44,2024-01-17 08:14:58,38.543161834517,24.631004170337,None
23,2024-01-14 16:39:47,36.25401601987,21.919999385093,None
26,2024-01-15 20:24:51,37.808198088632,25.324594774507,Low
55,2024-01-17 11:37:39,37.6095783859,19.200109577927,None
29,2024-01-19 04:45:17,34.340959734054,19.79345149687,None
38,2024-01-19 23:27:20,34.266643766938,22.824317165908,Low
49,2024-01-16 21:04:38,36.785187028191,20.818817269227,None
1,2024-01-15 02:35:36,40.330526414263,23.41477339248,None
4,2024-01-19 09:31:37,40.000727203963,20.006141566862,None
89,2024-01-14 09:53:06,35.430360806534,21.279974075709,None
78,2024-01-15 08:30:41,34.835086600487,23.606407577767,Low
13,2024-01-16 13:20:57,40.371331729227,20.919302928078,None
100,2024-01-19 05:33:46,40.316491641482,19.220657354347,None
84,2024-01-18 16:51:00,36.183620261447,19.845609791359,None
44,2024-01-14 01:25:55,36.410148412345,20.760650054366,Low
45,2024-01-14 23:51:05,34.658956607069,21.299893148507,None
69,2024-01-19 04:33:15,35.681760139147,20.541722261194,Critical
36,2024-01-17 01:56:44,40.542201558936,24.53041595818,None
78,2024-01-18 10:03:19,36.482618150961,25.079424546909,None
1,2024-01-19 19:34:26,40.944857197696,25.425430929755,Low
84,2024-01-15 21:50:48,35.822185696151,24.257232860994,None
17,2024-01-17 05:36:57,38.974296990785,23.993039122498,Critical
21,2024-01-17 08:27:34,37.502522081161,23.426451853194,None
81,2024-01-15 11:38:04,40.696864530417,23.797025108002,None
9,2024-01-15 06:04:42,38.953701511463,20.374353510286,Low
77,2024-01-16 02:41:19,40.190006326897,24.655753405573,None
34,2024-01-17 12:18:23,35.209765457006,20.798591835182,None
85,2024-01-15 13:39:49,40.914859973207,23.765637181434,None
44,2024-01-18 12:09:20,38.835620136457,20.338698368064,None
91,2024-01-19 00:57:10,38.445047054555,23.904564877736,None
68,2024-01-17 22:06:21,37.554029971921,24.764914475605,Low
100,2024-01-18 04:27:18,38.201169173972,20.178329553198,None
38,2024-01-14 20:15:49,36.397739046673,24.858726981219,Low
90,2024-01-19 10:13:36,38.373314601137,21.818389040679,None
49,2024-01-14 06:59:19,34.039040690897,23.394259785539,None
97,2024-01-15 00:44:13,38.293011157589,22.4012463381,None
50,2024-01-14 02:39:35,40.601769655204,19.971913786956,Low
61,2024-01-18 19:02:27,40.520984696482,25.906741137007,None
16,2024-01-17 22:06:03,34.706042159865,23.813672050778,Low
3,2024-01-17 07:06:46,34.226512005061,24.989244378004,None
76,2024-01-16 03:24:15,39.047092614233,24.928340143877,None
20,2024-01-17 06:22:51,39.914286092693,23.654621117945,None
53,2024-01-18 01:13:20,39.798847667155,20.0792332914,Low
32,2024-01-19 13:11:12,37.004406663079,24.393619870809,None
59,2024-01-17 10:17:50,36.825068758382,21.463665719421,None
97,2024-01-19 10:27:05,35.231263595724,25.534584362387,Low
95,2024-01-14 15:19:51,37.594870448518,21.140155983154,None
66,2024-01-15 06:10:14,34.489372137652,23.004995466045,None
82,2024-01-14 06:51:19,38.775792425055,22.613223224631,None
50,2024-01-16 14:57:02,39.283717610619,22.870361181526,None
86,2024-01-19 15:07:19,34.001223308506,21.441164458871,None
34,2024-01-14 16:58:12,36.483392883195,19.309849600457,None
31,2024-01-19 03:11:24,40.721413248299,24.526395925827,None
67,2024-01-16 16:17:01,38.802202636998,23.270404614609,None
72,2024-01-15 16:38:29,35.993118152372,19.833311989073,Low
85,2024-01-16 08:25:51,35.680270725397,23.432503299321,Low
93,2024-01-16 22:46:13,39.335441483559,22.586207317054,None
59,2024-01-15 01:22:45,37.166966179424,25.884408176553,None
38,2024-01-15 05:56:20,34.082439945688,21.164874673997,None
24,2024-01-14 23:45:36,34.215817809136,23.720584466143,None
45,2024-01-15 12:10:05,36.152605035435,20.943020387988,Low
77,2024-01-16 04:26:31,34.699070326895,25.483318975481,None
31,2024-01-15 13:59:38,36.910323792808,24.486347274904,Critical
15,2024-01-19 01:20:50,37.368874412101,21.032080319962,None
90,2024-01-19 02:44:44,35.592890533034,24.855804419547,None
3,2024-01-15 09:26:16,36.336001183789,19.3960905101,None
57,2024-01-16 00:32:33,36.337662387937,24.947745422367,None
93,2024-01-15 01:27:57,39.519492247179,24.826980426736,Critical
79,2024-01-17 18:21:34,37.075566818818,21.942564797878,Critical
9,2024-01-15 01:25:07,38.988241890615,24.795402128107,None
6,2024-01-14 23:32:05,35.337204891744,25.826558458353,None
16,2024-01-14 16:17:15,35.496984442829,23.960833513319,Low
16,2024-01-16 18:03:21,39.919315120795,19.242474033311,None
79,2024-01-19 07:50:31,35.237164221402,21.036532215048,None
50,2024-01-16 07:44:52,40.310599912126,23.73259561625,None
75,2024-01-15 11:42:22,36.821695715061,23.226087220536,None
19,2024-01-17 09:04:50,37.560176361749,19.824105374967,None
47,2024-01-14 18:23:53,35.710783294671,21.770155177077,None
39,2024-01-14 18:41:19,39.459763707895,21.226340629268,None
57,2024-01-15 11:21:14,36.695509558652,20.780204530449,None
8,2024-01-15 09:08:16,38.476734381898,21.087013157403,Critical
36,2024-01-17 03:54:58,34.165418845136,25.860629925025,None
11,2024-01-14 22:43:40,36.296359012596,21.21579695312,Critical
96,2024-01-15 04:46:30,37.188223479238,20.187733567734,None
70,2024-01-17 06:40:23,36.889865515148,23.247489007941,None
90,2024-01-15 11:24:10,39.761352463058,22.240780670446,None
14,2024-01-16 00:28:45,34.584227129404,23.156756728497,Critical
71,2024-01-15 17:50:49,38.093321444335,20.950544594469,None
23,2024-01-19 09:48:12,34.501587723114,25.872676959422,None
67,2024-01-14 14:17:44,36.755213931717,19.510274070887,Low
98,2024-01-19 17:41:47,38.805015869091,21.810943408726,None
29,2024-01-19 19:11:01,37.133096016027,22.506455941609,None
41,2024-01-14 17:49:46,34.11006700742,25.448747328284,None
100,2024-01-14 14:14:22,37.1775130697,23.087004040038,None
75,2024-01-18 16:11:02,35.762022751856,24.061783449153,Low
12,2024-01-18 02:58:20,34.949731064256,24.287899646025,Critical
32,2024-01-17 11:38:00,38.807563798937,21.301733208244,None
6,2024-01-17 16:23:32,35.701889038057,25.206758286817,None
29,2024-01-14 04:31:55,36.172356517476,21.850235698344,None
10,2024-01-14 10:30:09,35.995297761715,23.66746038624,Critical
72,2024-01-19 15:59:32,38.871353232586,21.888036326883,None
20,2024-01-15 14:36:45,39.185281195353,25.833924740719,None
10,2024-01-14 03:04:40,40.418982136792,21.769801145542,None
95,2024-01-14 10:31:09,36.846034422769,23.162548793666,None
36,2024-01-18 21:57:38,36.148230160281,19.087835700444,None
72,2024-01-19 01:30:50,38.643956861669,21.692735017974,None
34,2024-01-16 23:55:44,39.376230726122,24.50869513445,None
100,2024-01-15 12:57:50,37.496934661189,20.893636366327,Low
15,2024-01-15 19:38:40,40.591629957918,20.816303692598,None
15,2024-01-15 08:37:27,38.554325623166,20.091097136284,None
3,2024-01-15 11:08:12,40.136624460022,19.781651428231,None
18,2024-01-17 12:33:02,34.383664088604,19.502456195521,None
82,2024-01-18 12:06:14,39.371205292122,20.245069772722,None
41,2024-01-19 23:50:02,35.398591035749,22.015455337451,None
46,2024-01-18 05:02:33,38.479061881112,24.546037381019,None
33,2024-01-17 11:16:22,34.47707699898,22.405536695406,None
93,2024-01-18 17:25:58,35.816590843587,24.810017855455,None
86,2024-01-19 12:22:27,38.428294229682,19.540815420607,Low
49,2024-01-19 23:00:20,40.97687372295,23.361630610837,None
59,2024-01-17 11:21:41,40.840004238188,25.219179356744,Low
46,2024-01-18 23:31:09,39.118756862503,21.318022870534,None
62,2024-01-15 02:01:39,37.935223603874,24.689396458701,None
33,2024-01-17 00:26:14,40.023811888042,25.3491838662,None
44,2024-01-14 14:19:59,39.186672517717,20.573341891966,None
67,2024-01-17 10:44:31,37.84489920408,21.441366348163,None
73,2024-01-17 01:38:35,39.489293053136,25.212376787129,None
87,2024-01-18 14:12:48,35.489396811927,22.388596158767,None
58,2024-01-14 15:21:02,36.765096129219,22.360921243242,None
100,2024-01-18 04:34:58,37.116624047022,19.811102222854,None
13,2024-01-18 23:21:24,35.27914387632,20.073312922379,None
83,2024-01-16 13:11:16,40.959724288527,19.835806826363,None
93,2024-01-15 03:55:26,36.582342965333,22.376653851784,None
100,2024-01-16 08:56:07,40.90566249503,21.484031459438,None
69,2024-01-15 23:46:30,38.073878815844,20.342356245296,Critical
37,2024-01-14 20:57:11,37.802677413252,20.157734827358,None
79,2024-01-19 15:58:00,38.908144506967,19.386883918104,Critical
39,2024-01-16 22:24:19,34.734640074174,25.824429862736,Critical
38,2024-01-19 23:55:06,39.144020520818,19.858903166711,None
82,2024-01-19 10:47:25,38.483941673525,24.023588317738,None
83,2024-01-15 21:23:40,39.164491007778,23.291766416643,Low
67,2024-01-14 23:11:45,38.544542084523,23.159818001678,None
98,2024-01-16 20:02:28,35.82517776379,22.761443891265,None
19,2024-01-16 05:41:33,36.770196463531,21.156275216801,None
46,2024-01-19 05:38:10,34.369924472946,25.326570980445,None
18,2024-01-19 11:23:27,36.10289553406,20.398570883507,None
6,2024-01-18 04:02:49,35.388017341352,23.517065467954,None
35,2024-01-18 08:26:55,40.320883260824,22.410667005773,None
22,2024-01-14 17:12:37,38.22034362572,22.609778222197,None
48,2024-01-17 21:55:33,40.705947108927,19.302517162214,None
54,2024-01-14 03:51:32,34.236607887389,23.436124429718,Low
45,2024-01-18 21:00:12,36.742337487048,24.257147872049,None
80,2024-01-18 01:45:25,37.953918274647,24.50060389733,None
22,2024-01-15 01:01:21,38.590199701965,23.086587321124,None
57,2024-01-17 17:19:29,36.274652537035,25.860201767699,None
3,2024-01-16 13:39:21,34.578599425203,20.849561137022,None
37,2024-01-18 23:59:32,35.076462081975,22.012760037387,Low
2,2024-01-16 14:08:07,36.331273094288,23.089221021697,None
60,2024-01-15 02:35:59,40.295355721961,22.188711681737,Low
57,2024-01-17 08:14:03,36.241145376605,24.427751837059,Low
51,2024-01-19 14:43:09,40.715232890608,20.202410537773,None
35,2024-01-14 18:03:50,40.425878889632,25.901741933887,None
75,2024-01-19 01:13:25,40.681643900179,24.943893930442,None
61,2024-01-16 11:47:47,35.055789356261,25.236608983586,None
11,2024-01-18 01:46:42,40.274231325411,19.776208215931,Low
31,2024-01-19 05:48:18,34.994159141531,22.164294323425,Low
27,2024-01-17 08:16:37,34.083386957712,25.121547889925,None
23,2024-01-19 06:58:48,36.340985810886,20.911515988035,Low
5,2024-01-15 05:21:46,40.615292066728,23.165207564544,None
98,2024-01-15 00:03:47,34.629324194784,23.724037493499,None
24,2024-01-18 04:39:28,35.615131280476,21.224915741103,Critical
46,2024-01-17 00:12:03,38.985392357223,24.155821986412,None
68,2024-01-16 11:29:50,35.304468557983,19.205781191924,None
77,2024-01-14 11:42:34,34.625974198247,21.441181324763,None
96,2024-01-17 19:24:56,36.84536631769,25.225881084578,None
35,2024-01-16 16:03:41,35.475730806875,19.272833859982,Low
8,2024-01-18 05:20:21,35.464606090967,22.374749209316,Low
52,2024-01-15 21:27:17,34.351465397428,25.998090038027,None
50,2024-01-17 13:53:35,38.707810256489,24.876714719049,None
58,2024-01-19 12:51:43,37.087407871489,23.311247711864,None
15,2024-01-16 12:03:41,35.001564426733,24.065073840913,None
53,2024-01-14 01:47:09,36.465922618512,19.640659064366,Low
54,2024-01-19 08:03:20,39.076642417937,21.547025008049,None
25,2024-01-14 00:06:15,36.872301846841,19.136313190982,None
56,2024-01-16 01:56:33,38.24934895597,21.326942840291,Low
70,2024-01-17 05:43:37,38.580215961507,19.209251851342,None
13,2024-01-19 04:55:36,38.142212886648,22.283173038854,None
30,2024-01-18 19:28:19,40.81799975284,19.159863639615,Low
25,2024-01-16 18:31:33,39.114080536613,25.020488121025,None
52,2024-01-15 01:21:11,36.165874785615,20.221717038392,None
16,2024-01-14 03:29:21,34.218145619208,22.110491311091,None
43,2024-01-15 10:29:33,38.538017212614,19.155252021105,None
33,2024-01-17 10:13:19,34.216529712798,24.838960359814,None
15,2024-01-18 09:01:39,38.745511721058,19.154273053786,Low
22,2024-01-14 23:17:27,39.948540740005,25.670383129752,None
61,2024-01-14 23:20:05,36.224738590888,20.320327938188,None
75,2024-01-15 11:03:16,39.029542109966,22.191463030236,None
33,2024-01-16 03:22:39,37.490851142459,24.010790775413,None
80,2024-01-18 21:15:55,34.568770468939,22.753876205023,None
70,2024-01-15 09:08:10,37.58862257402,22.325775257136,None
40,2024-01-14 09:40:26,38.77075545496,25.533684757807,None
60,2024-01-14 04:50:34,35.48634911603,24.270730005607,None
35,2024-01-17 03:38:36,38.632509326223,20.874950782835,None
29,2024-01-15 01:00:38,36.819717799821,25.028281958386,None
84,2024-01-19 01:09:16,34.148930021509,22.134157128798,None
92,2024-01-14 17:17:57,36.716713287608,21.078998873287,None
88,2024-01-17 05:45:51,39.244110136557,24.490465005688,None
91,2024-01-18 06:10:53,38.832038609172,22.083555358082,None
7,2024-01-14 09:15:53,35.970682061032,20.514245132017,None
40,2024-01-17 16:45:58,34.506200372022,24.1427044993,None
95,2024-01-16 17:12:32,40.254974468404,23.896234508173,None
84,2024-01-19 04:46:58,34.910739052548,24.569646368769,None
22,2024-01-14 16:00:54,36.106369629106,25.005047326715,None
59,2024-01-16 17:25:59,34.859357380561,24.649106749923,None
72,2024-01-19 13:52:14,35.398493538668,25.734639836324,None
37,2024-01-14 09:33:09,40.178771514943,25.43915152575,None
16,2024-01-14 23:11:47,39.388126095684,22.554106408585,None
45,2024-01-14 16:20:30,36.428623600259,21.072444168349,None
4,2024-01-18 08:19:23,40.035892513763,21.246880057223,None
96,2024-01-15 20:30:47,39.584262488669,19.736405283671,Low
35,2024-01-17 18:33:28,35.125587839653,23.94062282007,None
35,2024-01-19 01:17:57,34.560769812551,25.655525844006,None
76,2024-01-17 18:59:28,40.829246812911,23.760525111731,None
53,2024-01-17 02:27:34,34.233098593731,20.848044583623,Critical
74,2024-01-15 14:49:20,37.124794101087,19.305358762682,None
74,2024-01-18 10:07:31,34.161353417293,22.297708419646,None
94,2024-01-18 18:29:42,34.777667985746,19.220806219113,None
90,2024-01-18 12:27:48,38.760419428336,19.10338829665,Low
31,2024-01-19 04:09:12,35.287565609266,23.643022652001,None
57,2024-01-14 11:32:06,36.168194893154,23.237130954564,Low
63,2024-01-14 04:54:17,35.270805601654,24.63841572092,None
60,2024-01-19 08:07:30,38.610935411308,25.163789417515,None
58,2024-01-19 02:25:11,38.466182282681,19.163201833803,Low
40,2024-01-17 19:48:21,39.518930941091,19.951831816982,Critical
39,2024-01-14 06:46:11,37.458622890683,23.598021856207,Low
52,2024-01-15 18:22:50,37.832367595864,20.35937495453,None
34,2024-01-14 07:55:55,34.824165565483,24.243482702928,None
76,2024-01-16 13:45:15,34.406384255159,19.37868941097,None
52,2024-01-14 17:05:02,34.276464330233,22.554859297934,None
43,2024-01-16 12:30:32,35.239924520845,23.618900822006,None
71,2024-01-19 11:53:38,35.047665296042,20.895782163841,Critical
97,2024-01-16 21:46:24,34.574319487285,24.645478658042,None
26,2024-01-16 10:24:05,37.513060958431,19.108205865216,None
19,2024-01-14 15:06:59,39.123585175202,23.612122733551,None
22,2024-01-19 23:29:18,36.798952764436,20.098048140682,None
83,2024-01-15 02:46:04,35.702154784201,20.667652685142,None
40,2024-01-17 01:44:54,39.00590839712,23.118680948347,Low
55,2024-01-18 04:23:07,37.739470161749,21.40083713557,None
20,2024-01-17 17:11:09,40.519816265158,24.209531499034,Low
10,2024-01-16 05:11:07,34.589444923758,19.923757543466,Low
21,2024-01-18 08:04:54,34.913957025309,24.4505147647,None
93,2024-01-16 22:52:14,39.792673571541,24.614704938293,None
45,2024-01-14 14:30:48,36.916618088434,24.430023991805,None
60,2024-01-15 12:59:27,37.211451287947,21.616388316521,None
73,2024-01-19 21:45:21,37.131576599412,24.333154256968,None
21,2024-01-14 10:33:13,37.591613100369,21.668271123001,None
21,2024-01-15 08:31:08,34.606759119087,24.54111018964,None
38,2024-01-17 16:42:52,35.885048564941,22.374637300236,None
2,2024-01-16 17:59:25,36.323003020144,24.504119767745,None
32,2024-01-18 00:43:42,36.596480680395,21.030295402036,None
7,2024-01-14 03:39:19,39.908450459291,23.439882552514,None
36,2024-01-18 23:41:19,36.521900322761,25.560609962935,None
40,2024-01-19 17:27:17,35.86066126945,19.364485302284,None
36,2024-01-19 19:01:34,35.721750250416,22.466792924317,None
58,2024-01-16 23:02:16,35.272388040051,23.608162523269,None
40,2024-01-16 00:41:22,39.00162333527,21.283442015743,None
95,2024-01-14 23:48:48,35.347039589034,24.865656607323,None
37,2024-01-17 18:11:48,37.892136894757,21.019137694059,Critical
55,2024-01-15 22:32:20,40.425883723678,22.644433140851,None
34,2024-01-17 01:10:03,37.173141082911,24.779010171254,None
8,2024-01-16 00:27:33,35.682592855583,22.140483307871,None
39,2024-01-16 23:17:04,39.147896584112,24.554219303189,None
46,2024-01-19 03:21:20,40.350248154514,24.919031776199,None
98,2024-01-15 10:01:20,40.795228460365,22.038111725803,Low
35,2024-01-14 04:31:24,37.700326567949,20.912054614205,None
98,2024-01-15 11:43:55,38.38197659683,23.496347680435,Critical
73,2024-01-15 16:56:56,37.805947811043,21.05081744783,None
98,2024-01-19 18:21:33,39.728493559641,21.21902318377,None
46,2024-01-19 12:59:04,38.023730839962,21.994414406822,None
55,2024-01-18 23:10:41,39.138746706003,24.273582501913,Low
18,2024-01-18 17:00:31,36.129928629877,21.193624207014,None
13,2024-01-15 14:48:54,38.363624820316,22.634992779529,None
64,2024-01-15 15:43:51,40.084456312111,25.874375814878,Low
97,2024-01-16 18:15:25,36.819222918249,20.247739538998,Low
73,2024-01-16 15:54:41,39.120298954137,23.097624666418,None
16,2024-01-18 18:28:12,34.713862630905,21.641173651959,None
29,2024-01-15 02:50:03,37.024868842914,25.527023664573,None
9,2024-01-19 17:55:37,35.893543937442,19.828915603604,None
33,2024-01-15 00:05:36,34.500586770977,25.023456138567,Critical
4,2024-01-17 13:11:56,35.379543338727,25.978001957801,None
26,2024-01-14 02:52:40,38.798733111565,21.223390956187,None
54,2024-01-14 22:51:54,39.122084319502,19.74961897547,None
6,2024-01-15 12:37:25,36.784719319766,19.634474258825,None
29,2024-01-14 17:36:51,35.042530554809,23.005435141494,None
16,2024-01-16 02:44:53,36.086872227523,24.08564019389,None
31,2024-01-17 20:25:18,40.483328261379,22.825016984472,None
67,2024-01-18 14:43:02,40.020764333004,25.832338359574,None
47,2024-01-16 14:15:18,39.754175265677,21.257183451359,None
100,2024-01-15 21:45:28,38.910043432203,20.979075894711,None
43,2024-01-16 01:30:26,39.850447350674,25.817140670123,None
71,2024-01-18 12:33:10,36.659288983979,25.260071667386,None
28,2024-01-17 00:42:27,36.455145783421,22.879496014189,None
14,2024-01-14 06:17:28,37.323144531973,20.34083147622,Low
28,2024-01-17 05:46:56,39.078380354054,22.138319535622,None
23,2024-01-14 10:30:31,37.808564612942,19.888036909931,Critical
18,2024-01-18 08:42:39,36.088753213038,25.898741841709,None
17,2024-01-14 13:33:00,36.414955143846,21.133257797403,None
76,2024-01-14 13:52:54,38.679865239418,19.891744837784,None
38,2024-01-16 13:01:20,35.840935849413,22.298094759234,None
95,2024-01-18 17:47:31,40.544574337904,25.731311306885,Low
87,2024-01-15 07:27:11,38.372274626899,19.814047257238,Low
31,2024-01-18 00:14:42,40.880762028088,25.461147490883,None
43,2024-01-17 14:33:13,39.305177518342,24.192640444889,None
30,2024-01-17 23:35:05,35.152888637913,23.097344779,None
16,2024-01-19 14:22:05,35.195775255735,20.313051236173,None
96,2024-01-16 07:32:00,37.79417208161,22.957143265333,None
86,2024-01-19 01:02:00,40.192073363584,19.739570105448,None
53,2024-01-14 04:01:40,39.337881171509,22.526509478113,None
11,2024-01-19 14:58:42,38.398474406769,24.145489905333,Low
50,2024-01-18 19:38:34,39.095984036114,21.218501615599,None
46,2024-01-15 13:09:23,40.661515210836,22.976125819658,None
15,2024-01-16 18:13:02,40.210049152204,20.068816868615,None
18,2024-01-16 08:19:42,39.842273119271,21.957353853657,Low
42,2024-01-18 04:03:48,37.929964835694,22.207598396749,None
30,2024-01-17 03:50:55,35.200014012781,21.625991889834,None
50,2024-01-18 19:01:14,34.62801942052,19.42800687027,None
4,2024-01-14 10:45:07,39.81651562919,24.023550435265,None
38,2024-01-15 20:32:34,34.976569150721,23.237012519332,None
24,2024-01-16 08:50:35,34.010319589764,19.028645266817,None
1,2024-01-15 19:05:41,39.981082049988,24.667159242398,None
81,2024-01-15 03:49:15,37.09648407069,20.680986170506,None
13,2024-01-14 14:18:09,36.685000929217,20.980182430028,Critical
95,2024-01-17 05:18:37,40.184747857726,24.177132523287,None
9,2024-01-16 21:42:47,34.529914000609,24.102021830389,None
73,2024-01-19 05:30:08,38.214426368981,19.672429791588,Low
70,2024-01-18 18:46:09,40.383790892394,22.445944692175,None
57,2024-01-17 01:33:31,36.771457302408,25.704571500444,None
57,2024-01-14 20:59:24,36.872863538906,25.215966880459,None
79,2024-01-18 03:18:13,36.024325940747,19.98492807207,Low
5,2024-01-19 11:29:34,36.421968363297,24.671075756005,Low
99,2024-01-15 09:03:35,38.808379406106,22.742052555615,None
48,2024-01-16 01:38:35,36.782549938288,21.703181878759,None
12,2024-01-16 08:44:27,36.628376618957,22.299519011354,None
97,2024-01-16 10:11:42,40.173068796229,19.499718893369,None
6,2024-01-16 15:10:47,37.76957680741,21.238980855907,Low
70,2024-01-18 08:29:03,34.504898223136,20.438865600396,None
100,2024-01-16 17:28:47,34.026975056372,25.50089428215,None
90,2024-01-14 03:33:42,39.186106575559,19.117084361667,None
26,2024-01-18 12:09:06,38.061495167979,24.789367388425,None
3,2024-01-18 21:49:55,37.366861950503,22.196551201166,None
98,2024-01-15 11:01:08,37.73208068683,20.763200220206,None
14,2024-01-19 12:27:58,35.625941062203,23.139377311072,None
22,2024-01-17 00:51:09,38.770568923463,25.181323201605,None
96,2024-01-17 23:35:34,36.654263694155,23.971449853787,None
27,2024-01-17 15:19:50,34.624306961058,25.179890766525,None
13,2024-01-16 06:57:41,37.414061718983,25.289128545174,Low
72,2024-01-17 19:20:58,37.768842942461,22.616208315623,None
95,2024-01-18 20:58:20,35.042613537584,21.038352152109,Low
21,2024-01-14 09:04:19,34.41390685221,23.975288069433,Low
93,2024-01-16 11:44:02,34.932549195082,21.878994003085,None
51,2024-01-14 19:00:57,36.823591698102,24.555542274139,None
59,2024-01-14 09:44:23,40.051911374074,20.883507481347,None
58,2024-01-18 02:21:58,40.884206723785,20.164379069225,None
73,2024-01-17 20:52:57,40.064771082095,23.891035848181,Low
94,2024-01-17 10:42:41,40.824918768025,23.561033858259,None
47,2024-01-19 21:47:15,39.74808656762,19.038534536132,None
83,2024-01-14 05:10:57,39.094583363452,20.13552955708,None
14,2024-01-16 11:59:51,34.342349826147,22.505787351541,None
98,2024-01-18 12:33:11,37.085514600509,20.068244169718,None
52,2024-01-16 18:16:11,35.684563502205,22.643376368955,None
48,2024-01-18 19:08:07,36.675547236759,23.285436799409,None
13,2024-01-15 00:21:21,34.864211851117,25.828905403782,None
30,2024-01-16 22:10:20,35.496282869945,19.588017199741,None
13,2024-01-16 01:10:59,39.294329780691,21.84036422809,None
74,2024-01-19 12:40:40,37.70239449241,22.255408951845,None
80,2024-01-18 17:12:45,34.832990451437,19.430645269506,None
96,2024-01-15 12:02:40,36.488118502824,24.246939476942,None
8,2024-01-16 02:34:05,39.379687973279,21.049509320415,Critical
1,2024-01-14 17:52:03,39.94807655453,19.743464812748,None
79,2024-01-16 10:29:07,39.031881465333,22.086872228701,None
6,2024-01-14 07:42:37,39.038391120303,20.049879790873,None
51,2024-01-15 19:59:14,40.164953699186,25.917704447658,None
84,2024-01-16 11:40:05,37.424532581661,20.409404934605,None
76,2024-01-15 13:55:37,39.873480353991,23.402551684173,None
87,2024-01-14 05:08:16,37.13332772045,23.903876588533,None
80,2024-01-15 18:36:03,37.590807540495,19.449346148752,Low
13,2024-01-19 09:51:41,38.252782626209,19.632265978925,Low
54,2024-01-19 01:01:38,39.06689716096,23.058835070518,Critical
83,2024-01-16 01:04:40,34.82867029915,21.868023931288,Low
36,2024-01-18 10:53:37,35.459496225724,25.875323298274,None
75,2024-01-15 09:35:12,35.25191071434,20.997558702847,None
55,2024-01-16 01:27:28,38.295713760856,21.087746040925,Critical
67,2024-01-17 16:52:45,37.760736431103,25.63504973269,Critical
12,2024-01-16 04:33:00,40.040126573466,24.846062773879,None
18,2024-01-19 14:12:23,39.102160388558,19.335956973329,None
90,2024-01-16 00:30:14,34.958142654012,20.433563670752,None
3,2024-01-15 09:00:01,40.855548726612,25.569491810684,None
86,2024-01-16 12:25:54,35.518896445438,23.630872145465,None
74,2024-01-18 17:59:45,36.742766462466,24.373723753516,None
71,2024-01-19 15:03:42,35.188044327095,22.801442771119,None
68,2024-01-19 08:30:14,37.159303125042,23.731296070394,None
84,2024-01-14 03:42:32,34.742264108589,22.974662910868,None
4,2024-01-17 03:16:43,39.111130259502,25.704099258605,None
37,2024-01-18 20:50:30,34.03818323213,24.028068251315,None
44,2024-01-15 17:00:09,35.934242741888,23.147234690623,None
50,2024-01-17 23:50:14,35.479445228606,21.859824152831,None
97,2024-01-17 04:33:04,39.79030554601,24.045007396187,None
29,2024-01-14 16:46:03,37.764858390108,21.213215156594,None
24,2024-01-17 08:34:02,35.456650696464,19.693622286981,None
42,2024-01-19 10:20:22,35.706875114701,23.844324658562,None
78,2024-01-19 11:20:58,38.237968516552,21.544256950506,Low
68,2024-01-19 01:26:47,40.894849585992,23.082930433926,None
32,2024-01-19 18:11:39,38.981541521776,24.524287394098,None
80,2024-01-19 21:34:59,39.148383855743,22.585203464678,None
94,2024-01-15 16:01:09,40.215757189104,20.146177801772,Low
10,2024-01-15 18:51:40,34.975362729909,22.011890210597,Critical
68,2024-01-14 23:10:31,38.530539544497,19.034105631198,None
29,2024-01-14 23:14:44,36.694418855325,23.573152051638,None
69,2024-01-19 12:26:59,39.345005571335,23.898599486453,None
21,2024-01-18 01:25:38,35.223610328621,24.655901402901,Critical
58,2024-01-14 00:39:56,38.32040842899,24.695320362622,None
38,2024-01-15 21:06:43,40.551424709725,20.244211195455,None
64,2024-01-16 21:32:13,39.359209099929,22.060565114413,None
89,2024-01-19 07:54:59,37.184640537228,20.596714306952,Low
21,2024-01-15 11:21:13,40.151150292115,21.127323563279,None
40,2024-01-18 19:11:26,38.187096908771,21.320017476302,None
21,2024-01-15 06:34:55,35.334914418323,21.440894152945,Low
58,2024-01-15 23:06:11,36.828254750288,22.153234873799,None
14,2024-01-18 12:17:35,40.26942671376,19.824655230359,None
26,2024-01-18 17:24:27,37.96290397792,21.137378579624,None
63,2024-01-14 16:09:13,37.971372913827,20.18133031093,None
92,2024-01-18 04:10:26,35.199008115105,24.953666620013,None
2,2024-01-19 11:14:15,38.445628650878,21.856163075786,None
29,2024-01-19 15:13:22,36.302160549504,21.026390569071,None
60,2024-01-15 20:59:28,35.198939537089,21.841722138791,None
60,2024-01-15 23:03:03,37.406996569091,21.625136302439,None
18,2024-01-15 07:39:20,38.236730978623,22.504004026227,None
30,2024-01-14 08:42:45,34.827927976761,23.636577636542,None
78,2024-01-16 20:31:20,37.234977273561,21.950897407444,Low
18,2024-01-15 21:28:13,40.675356249716,25.807481321754,None
12,2024-01-14 04:10:11,40.381964396172,22.944929716611,Low
21,2024-01-19 02:08:48,36.968710047675,22.515816320279,None
7,2024-01-18 08:35:08,38.578727015873,25.893133469251,Low
46,2024-01-19 16:23:55,34.928491261132,23.004465733146,None
46,2024-01-17 16:46:25,39.200980129188,24.738609804474,None
43,2024-01-19 03:24:13,34.16692347451,20.670831519164,None
67,2024-01-14 19:48:23,37.339202681236,25.863776840263,Low
28,2024-01-18 09:04:50,36.318839001626,19.893572389453,Low
47,2024-01-15 21:50:06,34.394396422058,22.482698324182,Low
37,2024-01-14 11:57:55,37.412608481483,25.84067120092,None
12,2024-01-16 04:58:38,39.322568798789,23.606470911817,None
32,2024-01-18 10:19:16,34.42051857234,23.647461752333,None
23,2024-01-18 19:57:09,40.187361205074,25.84455567184,None
71,2024-01-15 03:11:02,38.814072691986,20.680531978221,None
34,2024-01-18 07:51:56,36.340984896331,21.723096793692,None
46,2024-01-14 14:42:57,38.082523290633,19.250776812329,None
27,2024-01-15 21:20:24,39.533075870135,20.993846614545,None
56,2024-01-18 00:05:12,34.007088534749,23.789717652928,None
21,2024-01-18 10:43:55,40.93168434832,24.036647331783,None
95,2024-01-14 15:11:04,40.556348367979,23.423643764687,None
73,2024-01-16 12:35:18,35.727925704068,24.577877369227,None
56,2024-01-15 21:40:38,38.017770589392,19.052558517544,None
91,2024-01-18 10:55:01,37.086098363917,20.97657573746,None
32,2024-01-15 03:45:14,36.972454400926,24.562374023415,None
48,2024-01-19 11:25:57,37.06574141945,20.383683388964,None
67,2024-01-15 20:38:59,36.537047799194,22.152106544156,None
39,2024-01-15 18:01:17,35.517097554499,19.17745638796,None
33,2024-01-16 12:56:50,35.042278445309,19.549516251872,None
26,2024-01-15 19:45:01,37.147693760706,25.696930257861,None
13,2024-01-17 16:08:06,35.144005972867,25.238874562982,None
21,2024-01-17 12:40:07,36.952617295494,19.063749114664,None
57,2024-01-15 09:45:09,39.93965656845,19.74227859803,Critical
36,2024-01-15 06:30:42,35.57291004692,24.74749310724,None
96,2024-01-15 03:16:01,34.317168984956,22.313083879435,Low
8,2024-01-14 08:41:01,38.75655583838,25.789425750161,None
32,2024-01-19 05:20:07,36.235257029331,20.697590249398,None
61,2024-01-19 01:33:49,35.667433064333,23.864441666577,Critical
31,2024-01-15 22:02:51,34.990148679233,25.316992608794,None
75,2024-01-18 14:11:24,36.378928825715,24.643860505142,None
11,2024-01-19 20:18:38,34.951044109812,20.304422009704,None
47,2024-01-15 00:51:57,40.283697064582,25.894464068147,None
82,2024-01-14 06:25:55,35.155278733133,22.687940380975,None
65,2024-01-19 17:36:38,40.361424824296,20.496544644158,None
14,2024-01-16 17:43:24,35.441924179715,23.247778825946,None
54,2024-01-17 05:29:36,37.340507258961,19.797483014567,None
84,2024-01-17 21:51:46,35.384151591848,21.24256258451,None
66,2024-01-19 08:53:49,37.044655122032,20.799614444066,None
12,2024-01-15 05:45:02,34.874135571511,24.035967274384,None
55,2024-01-17 05:15:27,40.12724726334,19.241697717084,None
50,2024-01-15 15:12:46,34.899066513962,21.537558411407,Critical
87,2024-01-16 17:00:33,35.990350909803,20.110798116926,None
24,2024-01-15 13:40:18,36.483469488777,19.001840262358,None
25,2024-01-18 23:11:30,40.002625149335,20.964303859873,Low
55,2024-01-16 01:10:56,40.205968730833,22.938754568428,Low
18,2024-01-18 17:03:26,38.098160576435,21.639163611235,None
9,2024-01-16 12:28:30,39.465856706405,19.84116433388,None
54,2024-01-16 14:23:59,38.237607899617,23.248324235788,Low
82,2024-01-17 15:17:58,38.889169360244,20.844275693365,None
15,2024-01-17 02:39:51,38.75788095909,25.222581335512,None
12,2024-01-14 23:59:42,40.315625849089,22.519882275033,None
55,2024-01-17 20:51:46,39.748295197431,19.349495540591,Low
35,2024-01-17 13:15:17,40.425259335588,19.18790556591,None
53,2024-01-18 05:05:21,39.10007231407,21.086816550203,None
83,2024-01-16 21:44:17,37.091979529512,25.450412172206,Low
51,2024-01-19 15:03:05,36.210095271464,20.232513228144,None
43,2024-01-14 01:57:27,38.474521180311,23.268603521205,None
20,2024-01-15 02:44:06,37.791540727795,23.143910228797,None
33,2024-01-18 22:55:55,34.486325300161,19.940868672196,None
26,2024-01-14 13:32:30,36.027674938636,25.607656184845,None
7,2024-01-16 08:12:39,36.605444303612,21.661197309253,None
62,2024-01-18 03:13:45,40.363456950486,21.732652219758,None
52,2024-01-18 12:12:33,34.732098016754,23.299805817735,Critical
100,2024-01-14 07:02:18,40.492847180636,23.794448003598,Low
54,2024-01-18 15:47:14,37.15560027998,20.702531202721,Low
65,2024-01-19 19:02:03,34.023019366668,22.547394309298,None
41,2024-01-16 20:06:33,35.950231572049,21.131170235208,None
98,2024-01-15 15:45:26,34.611793012816,23.857096661912,None
58,2024-01-19 18:23:57,34.94055326929,23.940060339499,Low
74,2024-01-14 04:51:10,35.479225221569,24.222005101262,None
82,2024-01-16 00:57:53,37.041548717756,19.230954335982,None
57,2024-01-14 04:26:58,35.987183511546,19.816893697507,None
23,2024-01-17 08:15:22,35.058448902326,22.627850736051,None
1,2024-01-17 05:36:44,36.261203183494,21.384133699578,Critical
18,2024-01-17 03:47:01,34.098371284656,19.485149070992,None
84,2024-01-17 08:21:23,34.53289532817,23.571247258388,Critical
26,2024-01-18 08:38:54,35.530640954072,25.331366916857,Critical
68,2024-01-19 04:18:44,35.260466175835,24.362799068815,None
77,2024-01-18 07:07:45,34.138737856477,22.544329394996,None
67,2024-01-16 10:11:20,36.102170082703,24.317777559233,None
63,2024-01-14 22:58:39,37.923250246193,23.270866195827,None
17,2024-01-17 01:50:27,34.050142606432,24.227888383638,None
78,2024-01-19 20:50:44,39.6286555189,20.847154676398,Critical
68,2024-01-15 14:22:38,37.180736461453,25.627367403714,None
28,2024-01-15 06:18:32,35.527417460359,22.077418544031,None
57,2024-01-14 18:18:03,35.084191960703,22.503943691034,None
46,2024-01-18 20:22:28,40.545555112146,25.89987683964,None
12,2024-01-15 05:59:06,38.777651394038,22.099191901393,None
37,2024-01-15 02:30:51,40.977539450207,23.401215225764,None
92,2024-01-14 00:59:39,38.589455968223,19.906024036851,Low
91,2024-01-18 13:28:00,36.209939102913,19.498414887384,None
79,2024-01-17 02:32:51,34.182929009615,19.358297618168,Critical
47,2024-01-14 16:10:56,35.373272783315,24.012305739527,None
38,2024-01-17 05:42:12,39.187642307496,19.14541997028,None
30,2024-01-15 14:11:52,37.896054710861,20.727463611878,None
15,2024-01-18 23:48:30,37.546870792289,19.748058418816,None
87,2024-01-14 10:34:33,38.684013627426,25.91910276009,None
86,2024-01-17 09:26:24,37.002957799659,24.548910571794,None
81,2024-01-14 18:57:05,40.71275109729,25.9547248943,None
82,2024-01-18 04:14:44,36.647354996543,23.781390362205,None
2,2024-01-19 00:53:44,36.833183561118,23.406751408224,None
36,2024-01-19 18:41:53,40.312728487714,19.178307321896,Critical
71,2024-01-15 07:25:34,35.25246802918,20.533499256589,Low
80,2024-01-14 10:54:25,39.221669574532,24.1540340817,None
84,2024-01-16 14:22:51,38.451124821397,21.843392689611,None
81,2024-01-19 17:11:06,34.72722421853,22.326495132682,None
24,2024-01-16 20:37:49,35.174187721264,23.848158583909,None
74,2024-01-15 18:54:12,37.581360475733,22.57611541139,None
51,2024-01-15 21:11:09,37.607043945592,25.615529472918,Low
28,2024-01-16 10:13:48,38.273181648206,19.187688718798,None
30,2024-01-18 17:48:25,38.493261652437,22.598167427904,Low
23,2024-01-14 22:00:26,35.142896138812,23.988320649032,None
73,2024-01-14 02:27:38,40.020603949099,21.367232818259,None
72,2024-01-17 04:47:51,34.089032763747,22.744055127239,None
41,2024-01-15 07:13:40,36.940503442673,22.123855101639,None
11,2024-01-19 20:19:33,39.111745207573,20.143522399405,None
34,2024-01-19 14:42:01,35.138564026641,24.174434856766,None
58,2024-01-16 20:29:39,36.355670433527,22.488211999698,None
18,2024-01-18 18:56:53,40.340509959734,25.426738440923,Low
46,2024-01-14 11:22:34,39.623199985439,19.140390599236,None
50,2024-01-18 22:07:06,39.915111157669,25.860018122151,Low
55,2024-01-17 08:24:30,38.689249503037,23.778289246379,None
36,2024-01-17 22:22:25,40.673312949404,25.23374045082,None
52,2024-01-16 02:56:24,34.416020574171,19.17140076294,None
28,2024-01-19 17:16:08,38.320921727262,23.33970844499,None
44,2024-01-19 05:05:56,40.045307390041,24.972292464279,None
64,2024-01-17 16:04:51,35.212733734297,25.262193318821,Low
38,2024-01-19 20:25:25,38.649154739442,19.926564995242,None
10,2024-01-19 08:41:22,39.461048154385,23.28158187618,None
98,2024-01-19 13:42:36,34.209818065322,23.45095546289,None
34,2024-01-18 02:05:55,38.630664498046,19.564984079996,None
98,2024-01-16 05:12:06,34.365743455194,21.474647373749,Critical
29,2024-01-14 09:43:44,39.774177231995,22.59447082069,None
3,2024-01-19 09:14:57,39.719813373089,24.001186428047,None
58,2024-01-16 07:33:02,34.009649693688,24.693930405587,None
59,2024-01-16 06:03:30,40.759630655817,22.887635519351,None
20,2024-01-15 23:27:21,36.609772484662,23.29955149497,None
52,2024-01-17 06:50:29,39.708766341369,21.068175190773,None
37,2024-01-14 04:27:08,40.072550437009,21.200035637419,None
80,2024-01-17 12:27:06,36.491143283566,24.004852112728,None
51,2024-01-16 14:57:48,36.082856342092,22.023330010727,Low
60,2024-01-19 16:47:46,36.84644370061,19.140641330904,None
75,2024-01-16 09:38:00,35.84541852667,22.60099446155,None
72,2024-01-15 04:31:29,34.003050346538,19.441968882039,None
38,2024-01-15 21:03:38,38.018372563461,21.963182007962,None
64,2024-01-14 00:12:43,38.435914098412,20.593307702591,Low
29,2024-01-16 16:14:26,34.896557606925,24.905943040137,Low
17,2024-01-15 19:30:14,37.284538513556,20.990501545892,None
81,2024-01-15 04:17:04,34.749188973009,25.999121840634,None
1,2024-01-16 22:47:34,35.993828070284,23.500416340312,None
3,2024-01-17 15:29:22,40.459406609624,23.831159451728,Low
38,2024-01-14 03:56:08,34.351255824972,24.01103600888,None
40,2024-01-18 22:23:28,39.179104926618,20.986857755449,None
24,2024-01-19 04:27:36,37.566392271924,23.194390563679,None
90,2024-01-16 08:49:34,39.500967850825,24.226507205743,Low
12,2024-01-19 16:04:13,38.038944804342,21.345054480015,None
10,2024-01-17 07:12:46,37.679290311494,24.911709699414,Critical
98,2024-01-17 08:49:12,39.693311880808,20.114798019921,None
42,2024-01-15 17:09:15,34.400120054861,19.379041778925,Low
20,2024-01-15 00:14:43,34.629724771115,23.751022893256,None
53,2024-01-19 20:47:40,37.072771245978,24.261435580666,None
57,2024-01-14 12:00:26,36.108608301182,22.988415437508,None
12,2024-01-16 14:01:25,36.666378788848,22.641986675768,Low
14,2024-01-19 18:51:24,40.329736272984,22.598528718997,Low
50,2024-01-16 06:11:40,38.637517753004,21.05997181522,None
68,2024-01-15 05:28:32,37.541796445502,20.954564712161,Critical
8,2024-01-16 08:31:53,37.221299946013,21.369980918131,Low
78,2024-01-14 07:07:39,38.257099015926,22.464367090779,None
47,2024-01-17 01:08:45,36.841865200167,21.999551613584,Low
3,2024-01-15 20:49:32,36.610927802441,23.734064094295,None
51,2024-01-18 22:11:18,38.001801622178,21.661422170135,None
83,2024-01-18 13:55:58,36.158436823997,22.228018895447,None
47,2024-01-18 18:55:32,38.624904299768,24.610200901693,Low
39,2024-01-17 04:02:32,39.270045016024,20.092467114567,None
99,2024-01-18 17:39:48,40.319017616284,23.400796974068,None
90,2024-01-15 16:47:49,37.325262556465,25.509063322973,None
51,2024-01-17 22:02:45,37.53935598448,19.853678073792,Low
63,2024-01-17 19:58:43,34.291055831444,22.898764138039,Low
38,2024-01-17 14:54:54,37.525027268303,20.760676918146,None
2,2024-01-16 04:50:56,38.713100967571,25.65534849821,None
50,2024-01-19 16:05:56,36.031541425236,25.462160414601,None
11,2024-01-18 03:03:57,37.361818264755,24.526509837558,None
81,2024-01-14 17:34:26,37.00858960346,24.962724070361,Critical
49,2024-01-18 06:51:54,40.031377283466,19.069121763691,None
28,2024-01-17 07:43:29,38.48323238095,22.891854850451,None
3,2024-01-17 06:20:48,35.646899854996,23.458925018372,Low
26,2024-01-16 11:46:06,35.652552980441,22.717139606413,Low
48,2024-01-16 13:18:06,34.627960254844,24.26899150974,None
99,2024-01-18 11:42:08,35.351420315052,21.051977373705,None
100,2024-01-18 04:42:17,34.325579218808,20.096587871648,None
88,2024-01-15 10:46:41,35.773171546961,23.34623827558,None
96,2024-01-15 21:49:15,38.331454000083,24.032831829125,None
79,2024-01-18 03:45:07,36.928241666449,19.681677952205,None
50,2024-01-16 12:57:23,34.031627739803,20.516522540916,None
11,2024-01-15 18:18:56,38.502133553184,25.120633118623,None
43,2024-01-16 14:50:15,37.311933386324,19.302969923732,Low
39,2024-01-18 06:29:42,34.263118925505,25.895142895273,None
30,2024-01-17 19:11:28,38.439839420094,24.865409233766,None
25,2024-01-16 18:22:57,39.157901567039,19.49744751805,None
42,2024-01-14 08:53:39,37.435965585858,22.088564363237,Low
21,2024-01-18 16:28:04,34.032163996751,22.651609132531,None
7,2024-01-18 05:21:17,40.371431308311,22.045190866621,None
28,2024-01-15 12:18:47,35.431454420422,24.092766769213,None
69,2024-01-16 14:01:11,39.57504861374,23.58127944568,None
55,2024-01-18 17:54:03,34.358759470871,24.686251858156,None
89,2024-01-16 00:16:34,38.878237573761,19.302608752096,None
40,2024-01-19 04:38:10,36.03482371814,20.437508107038,None
46,2024-01-16 22:08:44,39.716197394654,25.102904237753,None
75,2024-01-16 17:52:34,36.345907864115,24.686851420896,Low
36,2024-01-17 22:40:24,39.006224558726,22.045573460398,None
40,2024-01-15 18:31:12,40.709216781099,25.793161137033,Low
61,2024-01-17 09:41:56,37.438826392733,20.548666035131,None
43,2024-01-18 11:58:48,39.162870983874,20.904415458901,None
6,2024-01-14 16:54:31,34.298098895932,19.736188820506,None
93,2024-01-19 02:24:23,38.330341574701,19.797457790252,None
68,2024-01-15 19:50:36,34.839694591516,23.659734231118,None
21,2024-01-14 13:35:23,38.518168985573,24.532828761861,None
19,2024-01-14 15:45:39,37.468895052848,19.819009649776,None
38,2024-01-15 19:49:07,36.524321045519,23.835974179956,None
30,2024-01-19 17:57:28,39.758058613112,23.400097544402,Low
8,2024-01-18 13:31:07,34.98800939796,22.586868175204,Critical
32,2024-01-16 22:32:07,37.510975975701,24.429342793338,None
4,2024-01-16 10:29:11,34.866169007659,24.006041177588,None
23,2024-01-19 05:34:22,37.309154483548,23.418515416999,None
80,2024-01-16 16:33:33,35.470677495111,21.012877033098,Low
39,2024-01-18 14:32:59,38.285634660575,20.090517428185,None
61,2024-01-16 14:19:55,39.238120655389,22.81290942954,None
87,2024-01-14 08:23:13,40.291715763978,19.49438019192,None
93,2024-01-18 15:50:07,34.499569797381,24.430061959038,None
32,2024-01-15 08:38:22,35.530068808345,19.186165137297,None
19,2024-01-18 20:30:18,37.395996106755,19.607656123994,None
24,2024-01-16 09:30:21,38.232749749719,21.17994592425,None
19,2024-01-16 13:34:20,36.594895431907,23.161791626226,None
34,2024-01-18 02:07:04,37.894169981855,19.989994315157,None
39,2024-01-14 17:31:33,39.042121427856,21.51460822417,None
46,2024-01-18 06:45:04,38.513534380039,19.543194092816,Low
88,2024-01-19 12:27:51,38.2299835227,19.045970861812,None
65,2024-01-15 18:30:18,34.691468567668,23.644570527394,None
32,2024-01-15 08:51:29,39.904109671669,19.585839978007,None
40,2024-01-16 12:16:43,39.77536718906,19.636822217094,None
49,2024-01-19 21:06:13,34.223107220964,25.676411060723,None
27,2024-01-19 16:06:29,40.461206320496,22.055816820627,Critical
44,2024-01-16 23:00:00,38.255643169745,25.53784226478,None
60,2024-01-14 08:37:04,35.140734373886,21.026150799137,Low
69,2024-01-17 21:49:07,37.013485763896,21.942719455542,None
24,2024-01-15 21:33:23,36.613262448061,21.531387052441,None
4,2024-01-14 15:59:51,39.774306166023,22.310419002434,None
10,2024-01-16 18:35:08,40.818439792093,19.469041655294,None
2,2024-01-18 22:36:57,40.794990293874,23.494662082692,None
69,2024-01-19 21:47:27,34.015855588776,20.475972921101,None
59,2024-01-16 03:54:05,38.427506561738,20.758833051941,None
96,2024-01-16 20:15:50,39.604196106318,19.62828449161,None
23,2024-01-16 05:04:01,37.106159011923,24.281481181993,None
99,2024-01-17 09:02:08,37.457036730466,19.290059074268,None
32,2024-01-18 12:37:44,37.80259742467,20.993125352978,None
16,2024-01-14 01:26:57,39.496705024222,22.172543617338,None
19,2024-01-15 09:59:49,36.726502824861,20.970106825582,None
46,2024-01-19 20:02:32,34.75133538697,23.798707148411,Low
46,2024-01-18 01:02:41,36.494401058561,23.290996457272,None
11,2024-01-14 04:29:54,37.639745955681,21.036815436486,None
69,2024-01-17 02:06:45,38.484803187401,21.1465245351,None
20,2024-01-17 18:31:24,34.578292553155,19.650992496356,None
6,2024-01-19 17:24:04,36.82150111932,21.305519112925,None
57,2024-01-17 08:22:53,39.573029499113,24.687916172937,Low
5,2024-01-16 05:49:10,35.537666285907,22.940316058578,Low
65,2024-01-19 08:43:27,35.75797230234,23.251421271948,None
85,2024-01-19 00:45:37,38.084192085302,20.934297500816,None
14,2024-01-19 11:47:10,36.762332854993,25.392103426931,Low
40,2024-01-15 18:33:53,34.909875641333,23.482676980496,None
2,2024-01-16 02:49:02,38.847833934845,25.268682465034,None
84,2024-01-14 04:35:21,40.702996158906,20.499004579234,None
14,2024-01-19 18:21:03,39.973365987391,19.85483513073,None
33,2024-01-16 13:47:12,34.530187407592,23.201176204691,None
83,2024-01-14 04:44:18,34.912714893337,25.627159518026,None
33,2024-01-19 10:47:55,36.080966278982,21.987678154598,Critical
14,2024-01-17 09:38:30,34.445350147643,24.282403658431,None
33,2024-01-19 10:50:11,40.30731902324,25.960335994332,None
44,2024-01-14 18:04:46,39.251935403749,24.111427731977,Critical
99,2024-01-16 16:33:22,36.367113006524,23.75863935391,Low
23,2024-01-17 17:17:26,38.988309356671,22.259376972622,None
83,2024-01-17 17:21:13,38.872682606651,20.529070473467,None
56,2024-01-14 19:10:02,35.724022750657,23.318654546533,None
66,2024-01-17 14:51:32,36.806921215515,19.846535430842,None
25,2024-01-14 19:15:51,40.868916705759,25.91957513387,None
48,2024-01-17 19:38:24,34.252395885685,25.28758796917,None
55,2024-01-16 00:48:34,36.878401700522,19.887858808487,None
36,2024-01-14 15:30:51,35.038388341061,23.815441927084,None
47,2024-01-15 04:19:38,38.443900584424,22.058694827655,None
23,2024-01-18 16:56:32,39.933401988379,21.459562298138,Low
70,2024-01-16 14:59:44,38.515680759895,21.844869725132,None
72,2024-01-18 08:50:51,37.670733060471,22.973776511255,Low
76,2024-01-17 05:02:40,40.218284817551,20.542289330229,None
75,2024-01-16 07:23:07,36.34055180679,22.441941230711,None
8,2024-01-18 16:46:46,37.109597540167,22.602331498131,None
6,2024-01-14 16:33:12,38.69560423515,22.194024279939,None
24,2024-01-16 22:54:24,39.036789242858,19.067622826231,None
91,2024-01-18 18:05:08,35.360595921281,25.28676325458,None
5,2024-01-14 05:20:41,36.953402437998,23.86748767608,None
79,2024-01-15 11:41:30,40.494350824989,19.53709791454,Low
54,2024-01-18 01:18:41,38.281151588791,23.227870290267,Critical
35,2024-01-16 06:14:04,34.254124292586,20.30266747851,None
1,2024-01-19 04:03:23,34.320708173347,19.072775195951,None
62,2024-01-19 20:36:36,39.546124924029,23.13642951358,Low
51,2024-01-16 21:49:41,36.104295604412,20.226510628798,None
5,2024-01-19 23:16:59,38.962226119981,19.457110545913,None
55,2024-01-18 01:44:56,34.612707889982,19.296211051119,None
57,2024-01-14 19:04:20,39.271943812036,23.512824208001,None
64,2024-01-15 16:47:49,35.351354468553,24.513996343103,None
63,2024-01-14 08:11:42,34.300901684445,20.677004092559,None
67,2024-01-15 07:04:27,37.992676610507,24.863952402543,Critical
88,2024-01-18 08:25:41,38.847750657241,19.64800509372,Critical
1,2024-01-16 02:06:57,38.28016200984,24.007112647341,None
30,2024-01-15 04:21:36,37.17427796951,22.639623736765,None
59,2024-01-19 21:22:36,39.042777014763,24.98475841293,Critical
8,2024-01-18 22:44:05,38.390614881809,19.866425857189,Low
98,2024-01-15 21:49:12,38.607512630039,20.455196894472,None
62,2024-01-14 10:52:46,38.463321861963,25.7217978222,None
42,2024-01-14 14:33:39,36.633502604559,22.647042926261,None
16,2024-01-16 07:13:05,36.45209816873,19.093086418311,None
41,2024-01-18 01:09:22,37.79267156615,22.478034347661,None
100,2024-01-17 21:44:55,34.647764609051,25.288435522427,None
81,2024-01-15 15:22:06,39.548498080061,20.192810399461,None
1,2024-01-16 06:51:08,40.682622282629,23.673230034266,Critical
30,2024-01-15 04:54:36,37.241292387045,21.924107429364,None
54,2024-01-16 05:33:14,35.515253782376,22.561624545761,None
94,2024-01-18 20:43:11,38.275879967683,23.472749954874,Low
36,2024-01-19 00:58:58,36.441261181805,24.607616435122,None
90,2024-01-16 04:03:39,34.87007230917,24.997848599718,None
71,2024-01-16 22:15:19,34.452798540304,22.569254234085,Critical
85,2024-01-15 07:30:03,39.417909118351,24.507814509386,None
73,2024-01-16 03:26:51,37.367370424694,20.806590130132,None
80,2024-01-14 06:53:52,37.676579751499,23.422328406913,None
47,2024-01-19 12:26:44,39.685536654754,20.60671605216,None
97,2024-01-17 05:25:52,38.452651431929,23.714198277366,None
41,2024-01-17 19:53:33,35.605278645877,20.812145165551,None
70,2024-01-19 13:42:33,37.014958998384,20.050633937581,None
86,2024-01-16 06:22:14,38.187743287447,24.899962698349,None
80,2024-01-17 17:31:46,34.445635803677,23.459543867801,None
63,2024-01-18 21:24:21,40.285884952993,25.734741609045,None
42,2024-01-14 05:19:35,36.266996937655,23.16448094273,None
4,2024-01-15 18:55:44,35.096015580077,19.595598493835,None
10,2024-01-17 09:53:22,34.371563459189,20.114733883473,None
91,2024-01-14 07:31:08,37.423745147864,20.425954267181,None
53,2024-01-14 07:40:33,34.750788993632,23.529330836535,Critical
34,2024-01-19 10:48:54,39.692717663225,25.148273402515,Low
73,2024-01-17 22:13:31,40.127984525904,21.836509063843,None
22,2024-01-15 03:42:35,34.875845909326,23.97848386905,None
8,2024-01-17 13:37:06,35.342446810841,24.079173077934,Low
56,2024-01-18 04:23:42,37.520026271441,25.006166614238,None
71,2024-01-16 03:50:23,38.649089690052,24.510288009564,None
12,2024-01-19 12:59:38,38.798486771633,22.645731961938,Low
83,2024-01-19 03:08:04,35.389408663387,25.392896371042,None
6,2024-01-17 11:03:24,34.93981416001,25.006011771569,None
12,2024-01-18 01:11:27,35.50567215743,21.506407910022,Low
4,2024-01-14 00:14:51,38.944116150051,22.644555053787,None
37,2024-01-16 00:26:06,37.722394189765,19.9870713623,None
90,2024-01-18 11:14:00,34.547197606033,22.81895467275,None
60,2024-01-15 17:46:24,40.850870700716,23.493706794046,None
37,2024-01-16 04:41:18,36.962791391092,21.432760396506,None
61,2024-01-17 18:21:44,35.171097616946,25.597688678118,Critical
42,2024-01-16 06:57:28,40.141429682597,21.906802366381,None
69,2024-01-15 18:01:50,34.826928328795,25.466434290128,None
35,2024-01-16 06:50:01,38.784577061278,23.290444711255,Low
70,2024-01-17 01:45:18,38.855954681228,23.252776359292,Critical
48,2024-01-18 22:51:45,38.944531688323,24.397264942251,None
75,2024-01-19 13:16:00,38.084522098216,24.887158754984,None
10,2024-01-19 22:07:22,38.676182523696,21.111569666331,None
5,2024-01-19 10:19:49,40.601650264479,20.812253451904,None
2,2024-01-14 04:19:44,38.622954181618,20.095310749611,None
62,2024-01-18 23:54:39,39.002312660227,24.9794279228,None
51,2024-01-15 20:19:01,37.858290581764,20.490404903445,None
30,2024-01-17 20:27:07,36.158536448458,20.017941185611,None
31,2024-01-17 11:12:22,35.728397849152,21.129772500355,None
27,2024-01-18 04:11:28,38.721657559446,24.208022943678,None
15,2024-01-16 14:16:14,38.331149782642,22.537431725047,None
88,2024-01-16 13:45:29,35.304345741708,24.788760544903,None
16,2024-01-19 23:45:22,34.070006210004,24.983600710405,None
18,2024-01-18 14:49:00,35.176033377277,24.456698402199,None
55,2024-01-15 10:24:36,34.135073566274,22.350296178925,Low
68,2024-01-18 14:35:47,39.214824704882,20.676481984849,None
26,2024-01-18 11:42:29,38.399276533044,23.816138460236,None
82,2024-01-19 20:23:07,35.3068487063,24.104391942719,None
90,2024-01-15 04:07:10,38.967593991071,21.07657581994,None
79,2024-01-14 23:20:48,35.338850470046,20.102602524569,Critical
76,2024-01-16 12:20:39,35.426631613273,22.218847801105,None
32,2024-01-19 20:33:07,34.551073136094,23.611894547183,None
3,2024-01-17 09:19:50,36.175630051596,22.871291936648,None
37,2024-01-18 19:14:15,37.777885149087,19.012083958169,None
79,2024-01-14 16:05:59,37.25468802925,23.815024031891,Critical
7,2024-01-15 22:10:25,34.133616207987,25.547807561419,Low
39,2024-01-18 18:49:15,36.468363880107,22.567525726877,None
80,2024-01-18 22:05:19,36.780142111946,20.538859901323,Low
89,2024-01-18 23:45:56,34.475338010461,23.081055760215,None
98,2024-01-17 14:38:34,36.201715329625,25.467057115677,None
69,2024-01-16 01:47:46,38.008803314596,21.07430479533,None
53,2024-01-15 14:35:00,36.124355465519,23.876605585453,Low
18,2024-01-14 04:14:59,37.421757427006,21.636985529757,None
2,2024-01-19 17:06:15,40.814390124818,25.495266566881,None
23,2024-01-15 16:13:43,36.029957160791,22.83105866946,None
11,2024-01-15 22:57:40,34.188392913347,20.599816966506,None
21,2024-01-19 19:23:34,34.681385124896,21.381061191964,None
4,2024-01-16 08:02:48,36.936211075795,22.711563058535,Low
63,2024-01-18 09:52:34,37.731903899084,22.874430802343,None
60,2024-01-17 13:28:38,34.494270455341,20.172330580328,None
41,2024-01-16 11:06:01,38.614998864714,19.853842645976,None
18,2024-01-16 18:32:42,38.28096119315,24.454777904993,None
56,2024-01-15 00:46:34,35.656264494255,21.451501775541,None
36,2024-01-19 20:34:07,37.677111479624,20.373345760109,None
24,2024-01-19 05:31:11,36.775946728557,23.345474555023,None
60,2024-01-17 23:08:06,34.926211140297,25.854014377065,None
5,2024-01-18 07:47:47,38.569553879018,21.755969164008,None
81,2024-01-15 09:57:43,35.854145277585,20.501194067083,Low
67,2024-01-14 07:56:52,36.789409303226,22.246436615696,None
65,2024-01-18 08:20:17,36.139924787988,25.7842870996,Low
66,2024-01-19 08:40:02,35.602481406948,21.365678809055,None
89,2024-01-14 08:10:35,35.339622183535,25.139048098237,None
72,2024-01-18 10:27:43,40.633445646768,21.231309847451,None
52,2024-01-18 10:51:18,35.895789362201,24.802994520741,Low
79,2024-01-14 18:21:29,40.529868127787,23.210690792617,None
66,2024-01-17 18:05:32,38.207932434762,24.289678751497,None
74,2024-01-16 21:45:55,39.701111897695,23.112195078495,None
25,2024-01-14 09:12:12,38.230327242434,22.197573895225,None
8,2024-01-16 09:43:00,39.558765926485,25.019069514948,None
26,2024-01-17 13:28:54,35.668148741079,19.545732085681,Low
100,2024-01-19 13:42:18,37.59669349937,23.377764587423,None
26,2024-01-19 11:47:24,39.146201374878,21.847841059265,Low
100,2024-01-19 04:44:24,37.003940781973,23.588533544737,None
56,2024-01-18 16:55:13,35.492078664327,22.123534414142,None
79,2024-01-19 12:10:55,36.265844923651,25.362083494822,None
50,2024-01-14 14:10:16,36.388247908918,19.166895326512,Low
91,2024-01-18 21:22:35,39.836815366604,21.192955206993,None
100,2024-01-17 10:53:32,37.446758950791,25.931353071024,None
30,2024-01-15 19:42:48,35.192655253794,23.632112398814,Low
69,2024-01-17 10:16:16,39.719863639221,25.493781357499,Critical
59,2024-01-16 22:48:49,36.897390556806,20.847212133213,None
56,2024-01-18 05:23:23,37.260734839092,19.956822886333,None
24,2024-01-16 17:59:36,40.897388518422,20.633205823328,None
37,2024-01-17 19:06:50,39.003232161032,24.802157711239,None
87,2024-01-17 01:48:39,38.303432229172,23.827342267958,Low
43,2024-01-17 13:48:19,37.318005721322,25.638679891425,None
51,2024-01-19 00:31:36,39.159383805658,20.616574313801,None
78,2024-01-19 01:42:08,40.487099120818,19.479143420393,None
96,2024-01-15 01:17:22,37.06233661864,19.4119966736,None
2,2024-01-16 05:28:31,35.29090530714,23.886933877301,None
64,2024-01-15 20:26:21,37.738687683919,25.899670736446,Critical
15,2024-01-18 13:28:53,36.585586009253,19.814790074517,None
29,2024-01-19 14:03:40,36.141216037584,19.047083959725,None
7,2024-01-14 18:42:00,38.334918736106,23.583323149341,None
77,2024-01-19 15:00:25,38.672487601777,22.738090859157,Low
28,2024-01-14 06:22:46,40.655107036256,19.330168064506,None
49,2024-01-19 19:33:30,37.171489815516,24.57360570309,Low
80,2024-01-15 02:08:55,37.390591801342,21.411686817086,None
42,2024-01-16 19:13:45,35.656162873494,22.976086857219,None
85,2024-01-15 19:45:36,35.483669180052,20.518018493395,None
20,2024-01-19 20:51:43,40.245125651852,20.761416379449,None
14,2024-01-15 21:55:53,37.068824655334,19.317008664944,None
36,2024-01-17 21:11:10,35.380055159909,20.050804362149,Low
78,2024-01-16 04:41:48,35.613032785614,19.317955924965,None
96,2024-01-15 21:32:58,35.257631550182,25.444829837701,None
38,2024-01-17 14:48:16,34.700246464155,20.662376512623,Low
82,2024-01-16 10:55:08,38.731884763435,21.345181245552,Low
6,2024-01-16 00:53:02,34.801868859575,19.812643536422,None
55,2024-01-19 06:10:04,36.054641018992,20.487867458692,None
99,2024-01-19 20:40:06,34.731729292504,19.103353127923,Low
31,2024-01-15 14:22:56,39.986354038852,21.697545385128,None
6,2024-01-17 13:24:31,40.844222482833,19.445934017816,None
85,2024-01-19 23:00:20,38.14448671035,25.923721885599,None
32,2024-01-19 10:45:27,37.188346111514,20.531774117063,None
39,2024-01-17 08:10:10,35.037751675439,23.689604073467,None
34,2024-01-14 13:00:08,37.616476996525,19.370522199933,None
73,2024-01-17 23:20:01,40.070579650786,22.385486243014,None
96,2024-01-19 15:07:42,36.314553739559,24.255594542494,None
14,2024-01-17 09:27:15,36.436285292659,20.20526159237,None
81,2024-01-15 09:37:37,37.679392245308,25.351657786097,None
69,2024-01-17 22:55:30,37.491647147569,21.105447295546,None
73,2024-01-18 14:07:53,37.181378320336,21.928365830444,Critical
82,2024-01-19 23:45:20,37.871714685577,22.146592090896,None
64,2024-01-17 11:09:06,37.656056727104,22.528611245329,None
86,2024-01-18 07:16:14,40.982767315372,21.653725027225,Low
81,2024-01-16 04:43:54,34.103256001679,21.074761303393,None
60,2024-01-16 19:18:11,36.202480384232,23.880749498375,None
37,2024-01-14 18:01:30,39.288388669729,24.845759311235,None
19,2024-01-16 16:59:02,35.425776995609,22.252661295242,None
29,2024-01-19 11:09:23,36.513271107162,21.506647375693,None
29,2024-01-15 10:45:32,37.678457257283,19.228210609007,None
21,2024-01-14 20:04:41,37.755887217742,22.695766192139,None
53,2024-01-18 14:48:57,39.234357895728,25.21786090189,Low
8,2024-01-14 14:53:36,34.838613215239,24.124799463211,None
46,2024-01-14 18:14:00,37.590365803038,25.726903126401,None
98,2024-01-18 06:47:20,40.078621612904,19.360146984597,None
48,2024-01-14 08:20:44,34.950548313407,19.604981427651,Critical
2,2024-01-17 09:12:53,40.187895550511,21.995027380128,None
44,2024-01-17 18:16:14,35.952743111918,20.399494459432,None
19,2024-01-19 03:18:24,38.463243951582,24.725541458362,None
43,2024-01-15 04:38:06,40.272024462793,25.951351769483,None
40,2024-01-15 21:59:03,39.133001360651,20.49933469493,None
41,2024-01-14 04:44:52,38.145233463254,20.524610423161,None
